,Abstract Noun,Common Noun,Material Noun,Verbal Noun,Noun,Proper Noun,Pronoun,Adverb,Verbable,neg_v_verb,Verb-Trans.,Verb-Intran.,Adjective,Adjective Adj.,Proper Adj.,Verbal Adj.,Conjuction,Interjection,Adposition,Others,derivational,abs,erg,gen,acc,dat,loc,inst,number,modal,adj_comp,after_comp,reason_comp,when_comp,present-2i,present-3a,present-2n,present-2f,present-1,past-3a,past-2f,past-2a,past-1,future-2f,future-2n,future-3a,future-1,ardha,infix,dash,manner,mod_attr,quantity,compare,emph,without,t_loc,negative,numerical,other,ws,we
Abstract Noun,0.03994082840236687,0.0007396449704142012,0.0007396449704142012,0.0007396449704142012,0.0007396449704142012,0.0007396449704142012,0.0007396449704142012,0.0007396449704142012,0.0007396449704142012,0.0007396449704142012,0.0007396449704142012,0.0007396449704142012,0.0007396449704142012,0.0007396449704142012,0.008136094674556213,0.0022189349112426036,0.0007396449704142012,0.0007396449704142012,0.0007396449704142012,0.0007396449704142012,0.04807692307692308,0.0007396449704142012,0.059911242603550297,0.3210059171597633,0.03106508875739645,0.02440828402366864,0.22559171597633135,0.014053254437869823,0.11538461538461539,0.0007396449704142012,0.0007396449704142012,0.0007396449704142012,0.0007396449704142012,0.0007396449704142012,0.0007396449704142012,0.0007396449704142012,0.0007396449704142012,0.0007396449704142012,0.0007396449704142012,0.0007396449704142012,0.0007396449704142012,0.0007396449704142012,0.0007396449704142012,0.0007396449704142012,0.0007396449704142012,0.0007396449704142012,0.0007396449704142012,0.0014792899408284023,0.0007396449704142012,0.011094674556213017,0.0007396449704142012,0.0007396449704142012,0.0007396449704142012,0.004437869822485207,0.058431952662721894,0.0007396449704142012,0.0007396449704142012,0.0007396449704142012,0.0007396449704142012,0.0007396449704142012,0.0007396449704142012,0.0007396449704142012
Common Noun,0.0021691973969631237,0.0021691973969631237,0.0021691973969631237,0.0021691973969631237,0.0021691973969631237,0.0021691973969631237,0.0021691973969631237,0.0021691973969631237,0.0021691973969631237,0.0021691973969631237,0.0021691973969631237,0.0021691973969631237,0.0021691973969631237,0.0021691973969631237,0.008676789587852495,0.004338394793926247,0.0021691973969631237,0.0021691973969631237,0.0021691973969631237,0.0021691973969631237,0.0021691973969631237,0.0021691973969631237,0.14533622559652928,0.30585683297180044,0.06290672451193059,0.004338394793926247,0.039045553145336226,0.006507592190889371,0.29067245119305857,0.0021691973969631237,0.0021691973969631237,0.0021691973969631237,0.0021691973969631237,0.0021691973969631237,0.0021691973969631237,0.0021691973969631237,0.0021691973969631237,0.0021691973969631237,0.0021691973969631237,0.0021691973969631237,0.0021691973969631237,0.0021691973969631237,0.0021691973969631237,0.0021691973969631237,0.0021691973969631237,0.0021691973969631237,0.0021691973969631237,0.0021691973969631237,0.0021691973969631237,0.013015184381778741,0.0021691973969631237,0.0021691973969631237,0.0021691973969631237,0.0021691973969631237,0.008676789587852495,0.0021691973969631237,0.0021691973969631237,0.0021691973969631237,0.0021691973969631237,0.0021691973969631237,0.0021691973969631237,0.0021691973969631237
Material Noun,0.0034482758620689655,0.0034482758620689655,0.0034482758620689655,0.0034482758620689655,0.0034482758620689655,0.0034482758620689655,0.0034482758620689655,0.0034482758620689655,0.0034482758620689655,0.0034482758620689655,0.0034482758620689655,0.0034482758620689655,0.0034482758620689655,0.0034482758620689655,0.010344827586206896,0.010344827586206896,0.0034482758620689655,0.0034482758620689655,0.0034482758620689655,0.0034482758620689655,0.0034482758620689655,0.0034482758620689655,0.02413793103448276,0.32068965517241377,0.034482758620689655,0.027586206896551724,0.18275862068965518,0.020689655172413793,0.13793103448275862,0.0034482758620689655,0.0034482758620689655,0.0034482758620689655,0.0034482758620689655,0.0034482758620689655,0.0034482758620689655,0.0034482758620689655,0.0034482758620689655,0.0034482758620689655,0.0034482758620689655,0.0034482758620689655,0.0034482758620689655,0.0034482758620689655,0.0034482758620689655,0.0034482758620689655,0.0034482758620689655,0.0034482758620689655,0.0034482758620689655,0.0034482758620689655,0.0034482758620689655,0.017241379310344827,0.0034482758620689655,0.006896551724137931,0.0034482758620689655,0.006896551724137931,0.03103448275862069,0.0034482758620689655,0.0034482758620689655,0.0034482758620689655,0.0034482758620689655,0.0034482758620689655,0.0034482758620689655,0.0034482758620689655
Verbal Noun,0.010416666666666666,0.010416666666666666,0.010416666666666666,0.010416666666666666,0.010416666666666666,0.010416666666666666,0.010416666666666666,0.010416666666666666,0.010416666666666666,0.010416666666666666,0.010416666666666666,0.010416666666666666,0.010416666666666666,0.010416666666666666,0.020833333333333332,0.010416666666666666,0.010416666666666666,0.010416666666666666,0.010416666666666666,0.010416666666666666,0.010416666666666666,0.010416666666666666,0.020833333333333332,0.1875,0.03125,0.020833333333333332,0.07291666666666667,0.020833333333333332,0.041666666666666664,0.010416666666666666,0.010416666666666666,0.010416666666666666,0.010416666666666666,0.010416666666666666,0.010416666666666666,0.010416666666666666,0.010416666666666666,0.010416666666666666,0.010416666666666666,0.010416666666666666,0.010416666666666666,0.010416666666666666,0.010416666666666666,0.010416666666666666,0.010416666666666666,0.010416666666666666,0.010416666666666666,0.010416666666666666,0.010416666666666666,0.020833333333333332,0.010416666666666666,0.010416666666666666,0.010416666666666666,0.010416666666666666,0.020833333333333332,0.010416666666666666,0.010416666666666666,0.010416666666666666,0.010416666666666666,0.010416666666666666,0.010416666666666666,0.010416666666666666
Noun,0.016129032258064516,0.016129032258064516,0.016129032258064516,0.016129032258064516,0.016129032258064516,0.016129032258064516,0.016129032258064516,0.016129032258064516,0.016129032258064516,0.016129032258064516,0.016129032258064516,0.016129032258064516,0.016129032258064516,0.016129032258064516,0.016129032258064516,0.016129032258064516,0.016129032258064516,0.016129032258064516,0.016129032258064516,0.016129032258064516,0.016129032258064516,0.016129032258064516,0.016129032258064516,0.016129032258064516,0.016129032258064516,0.016129032258064516,0.016129032258064516,0.016129032258064516,0.016129032258064516,0.016129032258064516,0.016129032258064516,0.016129032258064516,0.016129032258064516,0.016129032258064516,0.016129032258064516,0.016129032258064516,0.016129032258064516,0.016129032258064516,0.016129032258064516,0.016129032258064516,0.016129032258064516,0.016129032258064516,0.016129032258064516,0.016129032258064516,0.016129032258064516,0.016129032258064516,0.016129032258064516,0.016129032258064516,0.016129032258064516,0.016129032258064516,0.016129032258064516,0.016129032258064516,0.016129032258064516,0.016129032258064516,0.016129032258064516,0.016129032258064516,0.016129032258064516,0.016129032258064516,0.016129032258064516,0.016129032258064516,0.016129032258064516,0.016129032258064516
Proper Noun,0.004405286343612335,0.004405286343612335,0.004405286343612335,0.004405286343612335,0.004405286343612335,0.004405286343612335,0.004405286343612335,0.004405286343612335,0.004405286343612335,0.004405286343612335,0.004405286343612335,0.004405286343612335,0.004405286343612335,0.004405286343612335,0.004405286343612335,0.004405286343612335,0.004405286343612335,0.004405286343612335,0.004405286343612335,0.004405286343612335,0.004405286343612335,0.004405286343612335,0.12334801762114538,0.33480176211453744,0.039647577092511016,0.03524229074889868,0.18061674008810572,0.004405286343612335,0.022026431718061675,0.004405286343612335,0.004405286343612335,0.004405286343612335,0.004405286343612335,0.004405286343612335,0.004405286343612335,0.004405286343612335,0.004405286343612335,0.004405286343612335,0.004405286343612335,0.004405286343612335,0.004405286343612335,0.004405286343612335,0.004405286343612335,0.004405286343612335,0.004405286343612335,0.004405286343612335,0.004405286343612335,0.004405286343612335,0.004405286343612335,0.00881057268722467,0.004405286343612335,0.004405286343612335,0.004405286343612335,0.00881057268722467,0.013215859030837005,0.004405286343612335,0.004405286343612335,0.004405286343612335,0.004405286343612335,0.004405286343612335,0.004405286343612335,0.004405286343612335
Pronoun,0.0011025358324145535,0.0011025358324145535,0.0011025358324145535,0.0011025358324145535,0.0011025358324145535,0.0011025358324145535,0.0011025358324145535,0.0011025358324145535,0.0011025358324145535,0.0011025358324145535,0.0011025358324145535,0.0011025358324145535,0.0011025358324145535,0.0011025358324145535,0.0011025358324145535,0.0011025358324145535,0.002205071664829107,0.0011025358324145535,0.0011025358324145535,0.0011025358324145535,0.0011025358324145535,0.5270121278941565,0.020948180815876516,0.23042998897464168,0.07166482910694598,0.0011025358324145535,0.023153252480705624,0.002205071664829107,0.04299889746416759,0.0011025358324145535,0.0011025358324145535,0.0011025358324145535,0.0011025358324145535,0.0011025358324145535,0.0011025358324145535,0.0011025358324145535,0.0011025358324145535,0.0011025358324145535,0.0011025358324145535,0.0011025358324145535,0.0011025358324145535,0.0011025358324145535,0.0011025358324145535,0.0011025358324145535,0.0011025358324145535,0.0011025358324145535,0.0011025358324145535,0.0011025358324145535,0.0011025358324145535,0.0011025358324145535,0.0011025358324145535,0.0011025358324145535,0.0011025358324145535,0.014332965821389196,0.007717750826901874,0.0011025358324145535,0.0011025358324145535,0.0011025358324145535,0.0011025358324145535,0.0011025358324145535,0.0011025358324145535,0.0011025358324145535
Adverb,0.01,0.01,0.01,0.01,0.01,0.01,0.01,0.01,0.01,0.01,0.01,0.01,0.01,0.01,0.01,0.01,0.01,0.01,0.01,0.01,0.01,0.01,0.01,0.01,0.01,0.01,0.01,0.01,0.01,0.01,0.01,0.01,0.01,0.01,0.01,0.01,0.01,0.01,0.01,0.01,0.01,0.01,0.01,0.01,0.01,0.01,0.01,0.01,0.01,0.01,0.01,0.01,0.01,0.01,0.39,0.01,0.01,0.01,0.01,0.01,0.01,0.01
Verbable,0.004484304932735426,0.004484304932735426,0.004484304932735426,0.004484304932735426,0.004484304932735426,0.004484304932735426,0.004484304932735426,0.004484304932735426,0.004484304932735426,0.004484304932735426,0.004484304932735426,0.004484304932735426,0.004484304932735426,0.004484304932735426,0.004484304932735426,0.004484304932735426,0.004484304932735426,0.004484304932735426,0.004484304932735426,0.004484304932735426,0.004484304932735426,0.004484304932735426,0.004484304932735426,0.004484304932735426,0.004484304932735426,0.004484304932735426,0.004484304932735426,0.004484304932735426,0.004484304932735426,0.004484304932735426,0.515695067264574,0.03587443946188341,0.004484304932735426,0.004484304932735426,0.004484304932735426,0.08968609865470852,0.004484304932735426,0.004484304932735426,0.008968609865470852,0.04035874439461883,0.004484304932735426,0.004484304932735426,0.008968609865470852,0.008968609865470852,0.004484304932735426,0.04484304932735426,0.008968609865470852,0.004484304932735426,0.004484304932735426,0.004484304932735426,0.004484304932735426,0.004484304932735426,0.004484304932735426,0.004484304932735426,0.004484304932735426,0.004484304932735426,0.004484304932735426,0.004484304932735426,0.004484304932735426,0.004484304932735426,0.004484304932735426,0.004484304932735426
neg_v_verb,0.010752688172043012,0.010752688172043012,0.010752688172043012,0.010752688172043012,0.010752688172043012,0.010752688172043012,0.010752688172043012,0.010752688172043012,0.010752688172043012,0.010752688172043012,0.010752688172043012,0.010752688172043012,0.010752688172043012,0.010752688172043012,0.010752688172043012,0.010752688172043012,0.010752688172043012,0.010752688172043012,0.010752688172043012,0.010752688172043012,0.010752688172043012,0.010752688172043012,0.010752688172043012,0.010752688172043012,0.010752688172043012,0.010752688172043012,0.010752688172043012,0.010752688172043012,0.010752688172043012,0.010752688172043012,0.03225806451612903,0.010752688172043012,0.010752688172043012,0.010752688172043012,0.010752688172043012,0.03225806451612903,0.010752688172043012,0.010752688172043012,0.043010752688172046,0.20430107526881722,0.010752688172043012,0.010752688172043012,0.053763440860215055,0.010752688172043012,0.010752688172043012,0.03225806451612903,0.010752688172043012,0.010752688172043012,0.010752688172043012,0.010752688172043012,0.010752688172043012,0.010752688172043012,0.010752688172043012,0.010752688172043012,0.010752688172043012,0.010752688172043012,0.010752688172043012,0.010752688172043012,0.010752688172043012,0.010752688172043012,0.010752688172043012,0.010752688172043012
Verb-Trans.,0.0009970089730807576,0.0009970089730807576,0.0009970089730807576,0.0009970089730807576,0.0009970089730807576,0.0009970089730807576,0.0009970089730807576,0.0009970089730807576,0.0009970089730807576,0.0009970089730807576,0.0009970089730807576,0.0009970089730807576,0.0009970089730807576,0.0009970089730807576,0.0009970089730807576,0.0009970089730807576,0.0009970089730807576,0.0009970089730807576,0.0009970089730807576,0.0009970089730807576,0.0009970089730807576,0.0009970089730807576,0.0009970089730807576,0.0009970089730807576,0.0009970089730807576,0.0009970089730807576,0.0009970089730807576,0.0009970089730807576,0.0009970089730807576,0.0019940179461615153,0.22731804586241275,0.18444666001994017,0.04885343968095713,0.01296111665004985,0.0009970089730807576,0.22831505483549352,0.0019940179461615153,0.0029910269192422734,0.0259222333000997,0.06380857427716849,0.0009970089730807576,0.0009970089730807576,0.018943170488534396,0.024925224327018942,0.0019940179461615153,0.10269192422731804,0.005982053838484547,0.0009970089730807576,0.0009970089730807576,0.0009970089730807576,0.0009970089730807576,0.0009970089730807576,0.0009970089730807576,0.0009970089730807576,0.0009970089730807576,0.0009970089730807576,0.0009970089730807576,0.0009970089730807576,0.0009970089730807576,0.0009970089730807576,0.0009970089730807576,0.0009970089730807576
Verb-Intran.,0.0010672358591248667,0.0010672358591248667,0.0010672358591248667,0.0010672358591248667,0.0010672358591248667,0.0010672358591248667,0.0010672358591248667,0.0010672358591248667,0.0010672358591248667,0.0010672358591248667,0.0010672358591248667,0.0010672358591248667,0.0010672358591248667,0.0010672358591248667,0.0010672358591248667,0.0010672358591248667,0.0010672358591248667,0.0010672358591248667,0.0010672358591248667,0.0010672358591248667,0.0010672358591248667,0.0010672358591248667,0.0010672358591248667,0.0010672358591248667,0.0010672358591248667,0.0010672358591248667,0.0010672358591248667,0.0010672358591248667,0.0010672358591248667,0.0010672358591248667,0.09178228388473852,0.13233724653148346,0.010672358591248666,0.008537886872998933,0.0010672358591248667,0.3831376734258271,0.0010672358591248667,0.0010672358591248667,0.016008537886873,0.14194236926360726,0.0010672358591248667,0.0010672358591248667,0.011739594450373533,0.014941302027748132,0.0010672358591248667,0.13020277481323372,0.004268943436499467,0.0010672358591248667,0.0010672358591248667,0.0010672358591248667,0.0010672358591248667,0.0010672358591248667,0.0010672358591248667,0.0010672358591248667,0.0010672358591248667,0.0010672358591248667,0.0010672358591248667,0.0010672358591248667,0.0010672358591248667,0.0010672358591248667,0.0010672358591248667,0.0010672358591248667
Adjective,0.016129032258064516,0.016129032258064516,0.016129032258064516,0.016129032258064516,0.016129032258064516,0.016129032258064516,0.016129032258064516,0.016129032258064516,0.016129032258064516,0.016129032258064516,0.016129032258064516,0.016129032258064516,0.016129032258064516,0.016129032258064516,0.016129032258064516,0.016129032258064516,0.016129032258064516,0.016129032258064516,0.016129032258064516,0.016129032258064516,0.016129032258064516,0.016129032258064516,0.016129032258064516,0.016129032258064516,0.016129032258064516,0.016129032258064516,0.016129032258064516,0.016129032258064516,0.016129032258064516,0.016129032258064516,0.016129032258064516,0.016129032258064516,0.016129032258064516,0.016129032258064516,0.016129032258064516,0.016129032258064516,0.016129032258064516,0.016129032258064516,0.016129032258064516,0.016129032258064516,0.016129032258064516,0.016129032258064516,0.016129032258064516,0.016129032258064516,0.016129032258064516,0.016129032258064516,0.016129032258064516,0.016129032258064516,0.016129032258064516,0.016129032258064516,0.016129032258064516,0.016129032258064516,0.016129032258064516,0.016129032258064516,0.016129032258064516,0.016129032258064516,0.016129032258064516,0.016129032258064516,0.016129032258064516,0.016129032258064516,0.016129032258064516,0.016129032258064516
Adjective Adj.,0.015151515151515152,0.015151515151515152,0.015151515151515152,0.015151515151515152,0.015151515151515152,0.015151515151515152,0.015151515151515152,0.015151515151515152,0.015151515151515152,0.015151515151515152,0.015151515151515152,0.015151515151515152,0.015151515151515152,0.015151515151515152,0.015151515151515152,0.015151515151515152,0.015151515151515152,0.015151515151515152,0.015151515151515152,0.015151515151515152,0.015151515151515152,0.015151515151515152,0.015151515151515152,0.015151515151515152,0.015151515151515152,0.015151515151515152,0.015151515151515152,0.015151515151515152,0.015151515151515152,0.015151515151515152,0.015151515151515152,0.030303030303030304,0.015151515151515152,0.015151515151515152,0.015151515151515152,0.015151515151515152,0.015151515151515152,0.015151515151515152,0.030303030303030304,0.015151515151515152,0.015151515151515152,0.015151515151515152,0.015151515151515152,0.015151515151515152,0.015151515151515152,0.015151515151515152,0.015151515151515152,0.015151515151515152,0.015151515151515152,0.015151515151515152,0.030303030303030304,0.015151515151515152,0.030303030303030304,0.015151515151515152,0.015151515151515152,0.015151515151515152,0.015151515151515152,0.015151515151515152,0.015151515151515152,0.015151515151515152,0.015151515151515152,0.015151515151515152
Proper Adj.,0.004291845493562232,0.004291845493562232,0.004291845493562232,0.004291845493562232,0.004291845493562232,0.004291845493562232,0.004291845493562232,0.08583690987124463,0.004291845493562232,0.004291845493562232,0.004291845493562232,0.004291845493562232,0.004291845493562232,0.004291845493562232,0.004291845493562232,0.004291845493562232,0.004291845493562232,0.004291845493562232,0.004291845493562232,0.004291845493562232,0.15021459227467812,0.004291845493562232,0.02575107296137339,0.08583690987124463,0.004291845493562232,0.008583690987124463,0.0944206008583691,0.008583690987124463,0.13304721030042918,0.004291845493562232,0.004291845493562232,0.017167381974248927,0.008583690987124463,0.004291845493562232,0.004291845493562232,0.004291845493562232,0.004291845493562232,0.004291845493562232,0.004291845493562232,0.004291845493562232,0.004291845493562232,0.004291845493562232,0.004291845493562232,0.004291845493562232,0.004291845493562232,0.012875536480686695,0.004291845493562232,0.004291845493562232,0.004291845493562232,0.02145922746781116,0.02575107296137339,0.004291845493562232,0.017167381974248927,0.004291845493562232,0.10300429184549356,0.004291845493562232,0.004291845493562232,0.004291845493562232,0.004291845493562232,0.004291845493562232,0.004291845493562232,0.004291845493562232
Verbal Adj.,0.013157894736842105,0.013157894736842105,0.013157894736842105,0.013157894736842105,0.013157894736842105,0.013157894736842105,0.013157894736842105,0.039473684210526314,0.013157894736842105,0.013157894736842105,0.013157894736842105,0.013157894736842105,0.013157894736842105,0.013157894736842105,0.013157894736842105,0.013157894736842105,0.013157894736842105,0.013157894736842105,0.013157894736842105,0.013157894736842105,0.05263157894736842,0.013157894736842105,0.013157894736842105,0.039473684210526314,0.013157894736842105,0.039473684210526314,0.013157894736842105,0.02631578947368421,0.013157894736842105,0.013157894736842105,0.013157894736842105,0.013157894736842105,0.039473684210526314,0.013157894736842105,0.013157894736842105,0.013157894736842105,0.013157894736842105,0.013157894736842105,0.013157894736842105,0.013157894736842105,0.013157894736842105,0.013157894736842105,0.013157894736842105,0.013157894736842105,0.013157894736842105,0.013157894736842105,0.013157894736842105,0.013157894736842105,0.013157894736842105,0.013157894736842105,0.013157894736842105,0.013157894736842105,0.013157894736842105,0.013157894736842105,0.039473684210526314,0.013157894736842105,0.013157894736842105,0.013157894736842105,0.013157894736842105,0.013157894736842105,0.013157894736842105,0.013157894736842105
Conjuction,0.009009009009009009,0.009009009009009009,0.009009009009009009,0.009009009009009009,0.009009009009009009,0.009009009009009009,0.009009009009009009,0.009009009009009009,0.009009009009009009,0.009009009009009009,0.009009009009009009,0.009009009009009009,0.009009009009009009,0.009009009009009009,0.009009009009009009,0.009009009009009009,0.009009009009009009,0.009009009009009009,0.009009009009009009,0.009009009009009009,0.009009009009009009,0.009009009009009009,0.009009009009009009,0.009009009009009009,0.009009009009009009,0.009009009009009009,0.009009009009009009,0.009009009009009009,0.009009009009009009,0.009009009009009009,0.009009009009009009,0.009009009009009009,0.009009009009009009,0.009009009009009009,0.009009009009009009,0.009009009009009009,0.009009009009009009,0.009009009009009009,0.009009009009009009,0.009009009009009009,0.009009009009009009,0.009009009009009009,0.009009009009009009,0.009009009009009009,0.009009009009009009,0.009009009009009009,0.009009009009009009,0.009009009009009009,0.009009009009009009,0.009009009009009009,0.009009009009009009,0.009009009009009009,0.009009009009009009,0.009009009009009009,0.45045045045045046,0.009009009009009009,0.009009009009009009,0.009009009009009009,0.009009009009009009,0.009009009009009009,0.009009009009009009,0.009009009009009009
Interjection,0.016129032258064516,0.016129032258064516,0.016129032258064516,0.016129032258064516,0.016129032258064516,0.016129032258064516,0.016129032258064516,0.016129032258064516,0.016129032258064516,0.016129032258064516,0.016129032258064516,0.016129032258064516,0.016129032258064516,0.016129032258064516,0.016129032258064516,0.016129032258064516,0.016129032258064516,0.016129032258064516,0.016129032258064516,0.016129032258064516,0.016129032258064516,0.016129032258064516,0.016129032258064516,0.016129032258064516,0.016129032258064516,0.016129032258064516,0.016129032258064516,0.016129032258064516,0.016129032258064516,0.016129032258064516,0.016129032258064516,0.016129032258064516,0.016129032258064516,0.016129032258064516,0.016129032258064516,0.016129032258064516,0.016129032258064516,0.016129032258064516,0.016129032258064516,0.016129032258064516,0.016129032258064516,0.016129032258064516,0.016129032258064516,0.016129032258064516,0.016129032258064516,0.016129032258064516,0.016129032258064516,0.016129032258064516,0.016129032258064516,0.016129032258064516,0.016129032258064516,0.016129032258064516,0.016129032258064516,0.016129032258064516,0.016129032258064516,0.016129032258064516,0.016129032258064516,0.016129032258064516,0.016129032258064516,0.016129032258064516,0.016129032258064516,0.016129032258064516
Adposition,0.014084507042253521,0.014084507042253521,0.014084507042253521,0.014084507042253521,0.014084507042253521,0.014084507042253521,0.014084507042253521,0.014084507042253521,0.014084507042253521,0.014084507042253521,0.014084507042253521,0.014084507042253521,0.014084507042253521,0.014084507042253521,0.014084507042253521,0.014084507042253521,0.014084507042253521,0.014084507042253521,0.014084507042253521,0.014084507042253521,0.014084507042253521,0.014084507042253521,0.014084507042253521,0.014084507042253521,0.014084507042253521,0.014084507042253521,0.014084507042253521,0.014084507042253521,0.014084507042253521,0.014084507042253521,0.014084507042253521,0.014084507042253521,0.014084507042253521,0.014084507042253521,0.014084507042253521,0.014084507042253521,0.014084507042253521,0.014084507042253521,0.014084507042253521,0.014084507042253521,0.014084507042253521,0.014084507042253521,0.014084507042253521,0.014084507042253521,0.014084507042253521,0.014084507042253521,0.014084507042253521,0.014084507042253521,0.014084507042253521,0.014084507042253521,0.014084507042253521,0.014084507042253521,0.014084507042253521,0.014084507042253521,0.14084507042253522,0.014084507042253521,0.014084507042253521,0.014084507042253521,0.014084507042253521,0.014084507042253521,0.014084507042253521,0.014084507042253521
Others,0.016129032258064516,0.016129032258064516,0.016129032258064516,0.016129032258064516,0.016129032258064516,0.016129032258064516,0.016129032258064516,0.016129032258064516,0.016129032258064516,0.016129032258064516,0.016129032258064516,0.016129032258064516,0.016129032258064516,0.016129032258064516,0.016129032258064516,0.016129032258064516,0.016129032258064516,0.016129032258064516,0.016129032258064516,0.016129032258064516,0.016129032258064516,0.016129032258064516,0.016129032258064516,0.016129032258064516,0.016129032258064516,0.016129032258064516,0.016129032258064516,0.016129032258064516,0.016129032258064516,0.016129032258064516,0.016129032258064516,0.016129032258064516,0.016129032258064516,0.016129032258064516,0.016129032258064516,0.016129032258064516,0.016129032258064516,0.016129032258064516,0.016129032258064516,0.016129032258064516,0.016129032258064516,0.016129032258064516,0.016129032258064516,0.016129032258064516,0.016129032258064516,0.016129032258064516,0.016129032258064516,0.016129032258064516,0.016129032258064516,0.016129032258064516,0.016129032258064516,0.016129032258064516,0.016129032258064516,0.016129032258064516,0.016129032258064516,0.016129032258064516,0.016129032258064516,0.016129032258064516,0.016129032258064516,0.016129032258064516,0.016129032258064516,0.016129032258064516
derivational,0.2883435582822086,0.024539877300613498,0.012269938650306749,0.006134969325153374,0.006134969325153374,0.006134969325153374,0.006134969325153374,0.0736196319018405,0.006134969325153374,0.006134969325153374,0.006134969325153374,0.012269938650306749,0.006134969325153374,0.006134969325153374,0.24539877300613497,0.006134969325153374,0.006134969325153374,0.006134969325153374,0.006134969325153374,0.006134969325153374,0.006134969325153374,0.006134969325153374,0.006134969325153374,0.006134969325153374,0.006134969325153374,0.006134969325153374,0.006134969325153374,0.006134969325153374,0.006134969325153374,0.006134969325153374,0.006134969325153374,0.006134969325153374,0.006134969325153374,0.006134969325153374,0.006134969325153374,0.006134969325153374,0.006134969325153374,0.006134969325153374,0.006134969325153374,0.006134969325153374,0.006134969325153374,0.006134969325153374,0.006134969325153374,0.006134969325153374,0.006134969325153374,0.006134969325153374,0.006134969325153374,0.006134969325153374,0.006134969325153374,0.006134969325153374,0.006134969325153374,0.006134969325153374,0.006134969325153374,0.006134969325153374,0.006134969325153374,0.006134969325153374,0.006134969325153374,0.006134969325153374,0.006134969325153374,0.006134969325153374,0.006134969325153374,0.006134969325153374
abs,0.006369426751592357,0.006369426751592357,0.006369426751592357,0.006369426751592357,0.006369426751592357,0.006369426751592357,0.006369426751592357,0.006369426751592357,0.006369426751592357,0.006369426751592357,0.006369426751592357,0.006369426751592357,0.006369426751592357,0.006369426751592357,0.006369426751592357,0.006369426751592357,0.012738853503184714,0.006369426751592357,0.03184713375796178,0.006369426751592357,0.006369426751592357,0.006369426751592357,0.07643312101910828,0.08280254777070063,0.012738853503184714,0.006369426751592357,0.006369426751592357,0.006369426751592357,0.42038216560509556,0.006369426751592357,0.006369426751592357,0.006369426751592357,0.006369426751592357,0.006369426751592357,0.006369426751592357,0.006369426751592357,0.006369426751592357,0.006369426751592357,0.006369426751592357,0.006369426751592357,0.006369426751592357,0.006369426751592357,0.006369426751592357,0.006369426751592357,0.006369426751592357,0.006369426751592357,0.006369426751592357,0.012738853503184714,0.006369426751592357,0.006369426751592357,0.006369426751592357,0.006369426751592357,0.006369426751592357,0.006369426751592357,0.006369426751592357,0.006369426751592357,0.006369426751592357,0.006369426751592357,0.006369426751592357,0.006369426751592357,0.006369426751592357,0.006369426751592357
erg,0.012195121951219513,0.012195121951219513,0.012195121951219513,0.012195121951219513,0.012195121951219513,0.012195121951219513,0.012195121951219513,0.012195121951219513,0.012195121951219513,0.012195121951219513,0.012195121951219513,0.012195121951219513,0.012195121951219513,0.012195121951219513,0.012195121951219513,0.012195121951219513,0.012195121951219513,0.012195121951219513,0.012195121951219513,0.012195121951219513,0.012195121951219513,0.012195121951219513,0.012195121951219513,0.012195121951219513,0.012195121951219513,0.012195121951219513,0.012195121951219513,0.012195121951219513,0.012195121951219513,0.012195121951219513,0.012195121951219513,0.012195121951219513,0.012195121951219513,0.012195121951219513,0.012195121951219513,0.012195121951219513,0.012195121951219513,0.012195121951219513,0.012195121951219513,0.012195121951219513,0.012195121951219513,0.012195121951219513,0.012195121951219513,0.012195121951219513,0.012195121951219513,0.012195121951219513,0.012195121951219513,0.012195121951219513,0.012195121951219513,0.012195121951219513,0.012195121951219513,0.012195121951219513,0.012195121951219513,0.012195121951219513,0.25609756097560976,0.012195121951219513,0.012195121951219513,0.012195121951219513,0.012195121951219513,0.012195121951219513,0.012195121951219513,0.012195121951219513
gen,0.009523809523809525,0.009523809523809525,0.009523809523809525,0.009523809523809525,0.009523809523809525,0.009523809523809525,0.009523809523809525,0.009523809523809525,0.009523809523809525,0.009523809523809525,0.009523809523809525,0.009523809523809525,0.009523809523809525,0.009523809523809525,0.009523809523809525,0.009523809523809525,0.009523809523809525,0.009523809523809525,0.009523809523809525,0.009523809523809525,0.009523809523809525,0.009523809523809525,0.009523809523809525,0.009523809523809525,0.009523809523809525,0.009523809523809525,0.009523809523809525,0.009523809523809525,0.009523809523809525,0.009523809523809525,0.009523809523809525,0.009523809523809525,0.009523809523809525,0.009523809523809525,0.009523809523809525,0.009523809523809525,0.009523809523809525,0.009523809523809525,0.009523809523809525,0.009523809523809525,0.009523809523809525,0.009523809523809525,0.009523809523809525,0.009523809523809525,0.009523809523809525,0.009523809523809525,0.009523809523809525,0.009523809523809525,0.009523809523809525,0.009523809523809525,0.009523809523809525,0.009523809523809525,0.009523809523809525,0.009523809523809525,0.41904761904761906,0.009523809523809525,0.009523809523809525,0.009523809523809525,0.009523809523809525,0.009523809523809525,0.009523809523809525,0.009523809523809525
acc,0.011363636363636364,0.011363636363636364,0.011363636363636364,0.011363636363636364,0.011363636363636364,0.011363636363636364,0.011363636363636364,0.011363636363636364,0.011363636363636364,0.011363636363636364,0.011363636363636364,0.011363636363636364,0.011363636363636364,0.011363636363636364,0.011363636363636364,0.011363636363636364,0.011363636363636364,0.011363636363636364,0.011363636363636364,0.011363636363636364,0.011363636363636364,0.011363636363636364,0.011363636363636364,0.011363636363636364,0.011363636363636364,0.011363636363636364,0.011363636363636364,0.011363636363636364,0.011363636363636364,0.011363636363636364,0.011363636363636364,0.011363636363636364,0.011363636363636364,0.011363636363636364,0.011363636363636364,0.011363636363636364,0.011363636363636364,0.011363636363636364,0.011363636363636364,0.011363636363636364,0.011363636363636364,0.011363636363636364,0.011363636363636364,0.011363636363636364,0.011363636363636364,0.011363636363636364,0.011363636363636364,0.011363636363636364,0.011363636363636364,0.011363636363636364,0.011363636363636364,0.011363636363636364,0.011363636363636364,0.011363636363636364,0.3068181818181818,0.011363636363636364,0.011363636363636364,0.011363636363636364,0.011363636363636364,0.011363636363636364,0.011363636363636364,0.011363636363636364
dat,0.015873015873015872,0.015873015873015872,0.015873015873015872,0.015873015873015872,0.015873015873015872,0.015873015873015872,0.015873015873015872,0.015873015873015872,0.015873015873015872,0.015873015873015872,0.015873015873015872,0.015873015873015872,0.015873015873015872,0.015873015873015872,0.015873015873015872,0.015873015873015872,0.015873015873015872,0.015873015873015872,0.015873015873015872,0.015873015873015872,0.015873015873015872,0.015873015873015872,0.015873015873015872,0.015873015873015872,0.015873015873015872,0.015873015873015872,0.015873015873015872,0.015873015873015872,0.015873015873015872,0.015873015873015872,0.015873015873015872,0.015873015873015872,0.015873015873015872,0.015873015873015872,0.015873015873015872,0.015873015873015872,0.015873015873015872,0.015873015873015872,0.015873015873015872,0.015873015873015872,0.015873015873015872,0.015873015873015872,0.015873015873015872,0.015873015873015872,0.015873015873015872,0.015873015873015872,0.015873015873015872,0.015873015873015872,0.015873015873015872,0.015873015873015872,0.015873015873015872,0.015873015873015872,0.015873015873015872,0.015873015873015872,0.031746031746031744,0.015873015873015872,0.015873015873015872,0.015873015873015872,0.015873015873015872,0.015873015873015872,0.015873015873015872,0.015873015873015872
loc,0.008547008547008548,0.008547008547008548,0.008547008547008548,0.008547008547008548,0.008547008547008548,0.008547008547008548,0.008547008547008548,0.008547008547008548,0.008547008547008548,0.008547008547008548,0.008547008547008548,0.008547008547008548,0.008547008547008548,0.008547008547008548,0.008547008547008548,0.008547008547008548,0.008547008547008548,0.008547008547008548,0.008547008547008548,0.008547008547008548,0.008547008547008548,0.008547008547008548,0.008547008547008548,0.008547008547008548,0.008547008547008548,0.008547008547008548,0.008547008547008548,0.008547008547008548,0.008547008547008548,0.008547008547008548,0.008547008547008548,0.008547008547008548,0.008547008547008548,0.008547008547008548,0.008547008547008548,0.008547008547008548,0.008547008547008548,0.008547008547008548,0.008547008547008548,0.008547008547008548,0.008547008547008548,0.008547008547008548,0.008547008547008548,0.008547008547008548,0.008547008547008548,0.008547008547008548,0.008547008547008548,0.008547008547008548,0.008547008547008548,0.008547008547008548,0.008547008547008548,0.008547008547008548,0.008547008547008548,0.008547008547008548,0.47863247863247865,0.008547008547008548,0.008547008547008548,0.008547008547008548,0.008547008547008548,0.008547008547008548,0.008547008547008548,0.008547008547008548
inst,0.016129032258064516,0.016129032258064516,0.016129032258064516,0.016129032258064516,0.016129032258064516,0.016129032258064516,0.016129032258064516,0.016129032258064516,0.016129032258064516,0.016129032258064516,0.016129032258064516,0.016129032258064516,0.016129032258064516,0.016129032258064516,0.016129032258064516,0.016129032258064516,0.016129032258064516,0.016129032258064516,0.016129032258064516,0.016129032258064516,0.016129032258064516,0.016129032258064516,0.016129032258064516,0.016129032258064516,0.016129032258064516,0.016129032258064516,0.016129032258064516,0.016129032258064516,0.016129032258064516,0.016129032258064516,0.016129032258064516,0.016129032258064516,0.016129032258064516,0.016129032258064516,0.016129032258064516,0.016129032258064516,0.016129032258064516,0.016129032258064516,0.016129032258064516,0.016129032258064516,0.016129032258064516,0.016129032258064516,0.016129032258064516,0.016129032258064516,0.016129032258064516,0.016129032258064516,0.016129032258064516,0.016129032258064516,0.016129032258064516,0.016129032258064516,0.016129032258064516,0.016129032258064516,0.016129032258064516,0.016129032258064516,0.016129032258064516,0.016129032258064516,0.016129032258064516,0.016129032258064516,0.016129032258064516,0.016129032258064516,0.016129032258064516,0.016129032258064516
number,0.002364066193853428,0.002364066193853428,0.002364066193853428,0.002364066193853428,0.002364066193853428,0.002364066193853428,0.002364066193853428,0.002364066193853428,0.002364066193853428,0.002364066193853428,0.002364066193853428,0.002364066193853428,0.002364066193853428,0.002364066193853428,0.002364066193853428,0.002364066193853428,0.002364066193853428,0.002364066193853428,0.002364066193853428,0.002364066193853428,0.002364066193853428,0.002364066193853428,0.25295508274231676,0.33569739952718675,0.12056737588652482,0.01182033096926714,0.10638297872340426,0.002364066193853428,0.002364066193853428,0.002364066193853428,0.002364066193853428,0.002364066193853428,0.002364066193853428,0.002364066193853428,0.002364066193853428,0.002364066193853428,0.002364066193853428,0.002364066193853428,0.002364066193853428,0.002364066193853428,0.002364066193853428,0.002364066193853428,0.002364066193853428,0.002364066193853428,0.002364066193853428,0.002364066193853428,0.002364066193853428,0.002364066193853428,0.002364066193853428,0.002364066193853428,0.002364066193853428,0.002364066193853428,0.002364066193853428,0.004728132387706856,0.037825059101654845,0.002364066193853428,0.002364066193853428,0.002364066193853428,0.002364066193853428,0.002364066193853428,0.002364066193853428,0.002364066193853428
modal,0.016129032258064516,0.016129032258064516,0.016129032258064516,0.016129032258064516,0.016129032258064516,0.016129032258064516,0.016129032258064516,0.016129032258064516,0.016129032258064516,0.016129032258064516,0.016129032258064516,0.016129032258064516,0.016129032258064516,0.016129032258064516,0.016129032258064516,0.016129032258064516,0.016129032258064516,0.016129032258064516,0.016129032258064516,0.016129032258064516,0.016129032258064516,0.016129032258064516,0.016129032258064516,0.016129032258064516,0.016129032258064516,0.016129032258064516,0.016129032258064516,0.016129032258064516,0.016129032258064516,0.016129032258064516,0.016129032258064516,0.016129032258064516,0.016129032258064516,0.016129032258064516,0.016129032258064516,0.016129032258064516,0.016129032258064516,0.016129032258064516,0.016129032258064516,0.016129032258064516,0.016129032258064516,0.016129032258064516,0.016129032258064516,0.016129032258064516,0.016129032258064516,0.016129032258064516,0.016129032258064516,0.016129032258064516,0.016129032258064516,0.016129032258064516,0.016129032258064516,0.016129032258064516,0.016129032258064516,0.016129032258064516,0.016129032258064516,0.016129032258064516,0.016129032258064516,0.016129032258064516,0.016129032258064516,0.016129032258064516,0.016129032258064516,0.016129032258064516
adj_comp,0.0051813471502590676,0.0051813471502590676,0.0051813471502590676,0.0051813471502590676,0.0051813471502590676,0.0051813471502590676,0.0051813471502590676,0.0051813471502590676,0.0051813471502590676,0.0051813471502590676,0.0051813471502590676,0.0051813471502590676,0.0051813471502590676,0.0051813471502590676,0.0051813471502590676,0.0051813471502590676,0.0051813471502590676,0.0051813471502590676,0.0051813471502590676,0.0051813471502590676,0.0051813471502590676,0.0051813471502590676,0.0051813471502590676,0.5284974093264249,0.010362694300518135,0.0051813471502590676,0.04145077720207254,0.0051813471502590676,0.07772020725388601,0.0051813471502590676,0.0051813471502590676,0.0051813471502590676,0.0051813471502590676,0.0051813471502590676,0.0051813471502590676,0.010362694300518135,0.0051813471502590676,0.0051813471502590676,0.0051813471502590676,0.0051813471502590676,0.0051813471502590676,0.0051813471502590676,0.0051813471502590676,0.0051813471502590676,0.0051813471502590676,0.015544041450777202,0.0051813471502590676,0.0051813471502590676,0.0051813471502590676,0.0051813471502590676,0.015544041450777202,0.0051813471502590676,0.0051813471502590676,0.0051813471502590676,0.02072538860103627,0.0051813471502590676,0.0051813471502590676,0.0051813471502590676,0.0051813471502590676,0.0051813471502590676,0.0051813471502590676,0.0051813471502590676
after_comp,0.014705882352941176,0.014705882352941176,0.014705882352941176,0.014705882352941176,0.014705882352941176,0.014705882352941176,0.014705882352941176,0.014705882352941176,0.014705882352941176,0.014705882352941176,0.014705882352941176,0.014705882352941176,0.014705882352941176,0.014705882352941176,0.014705882352941176,0.014705882352941176,0.014705882352941176,0.014705882352941176,0.014705882352941176,0.014705882352941176,0.014705882352941176,0.014705882352941176,0.014705882352941176,0.014705882352941176,0.014705882352941176,0.014705882352941176,0.014705882352941176,0.014705882352941176,0.014705882352941176,0.014705882352941176,0.014705882352941176,0.014705882352941176,0.014705882352941176,0.014705882352941176,0.014705882352941176,0.014705882352941176,0.014705882352941176,0.014705882352941176,0.014705882352941176,0.014705882352941176,0.014705882352941176,0.014705882352941176,0.014705882352941176,0.014705882352941176,0.014705882352941176,0.014705882352941176,0.014705882352941176,0.014705882352941176,0.014705882352941176,0.014705882352941176,0.014705882352941176,0.014705882352941176,0.014705882352941176,0.014705882352941176,0.10294117647058823,0.014705882352941176,0.014705882352941176,0.014705882352941176,0.014705882352941176,0.014705882352941176,0.014705882352941176,0.014705882352941176
reason_comp,0.015384615384615385,0.015384615384615385,0.015384615384615385,0.015384615384615385,0.015384615384615385,0.015384615384615385,0.015384615384615385,0.015384615384615385,0.015384615384615385,0.015384615384615385,0.015384615384615385,0.015384615384615385,0.015384615384615385,0.015384615384615385,0.015384615384615385,0.015384615384615385,0.015384615384615385,0.015384615384615385,0.015384615384615385,0.015384615384615385,0.015384615384615385,0.015384615384615385,0.015384615384615385,0.015384615384615385,0.015384615384615385,0.015384615384615385,0.015384615384615385,0.015384615384615385,0.015384615384615385,0.015384615384615385,0.015384615384615385,0.015384615384615385,0.015384615384615385,0.015384615384615385,0.015384615384615385,0.015384615384615385,0.015384615384615385,0.015384615384615385,0.015384615384615385,0.015384615384615385,0.015384615384615385,0.015384615384615385,0.015384615384615385,0.015384615384615385,0.015384615384615385,0.015384615384615385,0.015384615384615385,0.015384615384615385,0.015384615384615385,0.015384615384615385,0.015384615384615385,0.015384615384615385,0.015384615384615385,0.015384615384615385,0.06153846153846154,0.015384615384615385,0.015384615384615385,0.015384615384615385,0.015384615384615385,0.015384615384615385,0.015384615384615385,0.015384615384615385
when_comp,0.014925373134328358,0.014925373134328358,0.014925373134328358,0.014925373134328358,0.014925373134328358,0.014925373134328358,0.014925373134328358,0.014925373134328358,0.014925373134328358,0.014925373134328358,0.014925373134328358,0.014925373134328358,0.014925373134328358,0.014925373134328358,0.014925373134328358,0.014925373134328358,0.014925373134328358,0.014925373134328358,0.014925373134328358,0.014925373134328358,0.014925373134328358,0.014925373134328358,0.014925373134328358,0.014925373134328358,0.014925373134328358,0.014925373134328358,0.014925373134328358,0.014925373134328358,0.014925373134328358,0.014925373134328358,0.014925373134328358,0.014925373134328358,0.014925373134328358,0.014925373134328358,0.014925373134328358,0.014925373134328358,0.014925373134328358,0.014925373134328358,0.014925373134328358,0.014925373134328358,0.014925373134328358,0.014925373134328358,0.014925373134328358,0.014925373134328358,0.014925373134328358,0.014925373134328358,0.014925373134328358,0.014925373134328358,0.014925373134328358,0.014925373134328358,0.014925373134328358,0.014925373134328358,0.014925373134328358,0.014925373134328358,0.08955223880597014,0.014925373134328358,0.014925373134328358,0.014925373134328358,0.014925373134328358,0.014925373134328358,0.014925373134328358,0.014925373134328358
present-2i,0.016129032258064516,0.016129032258064516,0.016129032258064516,0.016129032258064516,0.016129032258064516,0.016129032258064516,0.016129032258064516,0.016129032258064516,0.016129032258064516,0.016129032258064516,0.016129032258064516,0.016129032258064516,0.016129032258064516,0.016129032258064516,0.016129032258064516,0.016129032258064516,0.016129032258064516,0.016129032258064516,0.016129032258064516,0.016129032258064516,0.016129032258064516,0.016129032258064516,0.016129032258064516,0.016129032258064516,0.016129032258064516,0.016129032258064516,0.016129032258064516,0.016129032258064516,0.016129032258064516,0.016129032258064516,0.016129032258064516,0.016129032258064516,0.016129032258064516,0.016129032258064516,0.016129032258064516,0.016129032258064516,0.016129032258064516,0.016129032258064516,0.016129032258064516,0.016129032258064516,0.016129032258064516,0.016129032258064516,0.016129032258064516,0.016129032258064516,0.016129032258064516,0.016129032258064516,0.016129032258064516,0.016129032258064516,0.016129032258064516,0.016129032258064516,0.016129032258064516,0.016129032258064516,0.016129032258064516,0.016129032258064516,0.016129032258064516,0.016129032258064516,0.016129032258064516,0.016129032258064516,0.016129032258064516,0.016129032258064516,0.016129032258064516,0.016129032258064516
present-3a,0.015873015873015872,0.015873015873015872,0.015873015873015872,0.015873015873015872,0.015873015873015872,0.015873015873015872,0.015873015873015872,0.015873015873015872,0.015873015873015872,0.015873015873015872,0.015873015873015872,0.015873015873015872,0.015873015873015872,0.015873015873015872,0.015873015873015872,0.015873015873015872,0.015873015873015872,0.015873015873015872,0.015873015873015872,0.015873015873015872,0.015873015873015872,0.015873015873015872,0.015873015873015872,0.015873015873015872,0.015873015873015872,0.015873015873015872,0.015873015873015872,0.015873015873015872,0.015873015873015872,0.015873015873015872,0.015873015873015872,0.015873015873015872,0.015873015873015872,0.015873015873015872,0.015873015873015872,0.015873015873015872,0.015873015873015872,0.015873015873015872,0.015873015873015872,0.015873015873015872,0.015873015873015872,0.015873015873015872,0.015873015873015872,0.015873015873015872,0.015873015873015872,0.015873015873015872,0.015873015873015872,0.015873015873015872,0.015873015873015872,0.015873015873015872,0.015873015873015872,0.015873015873015872,0.015873015873015872,0.015873015873015872,0.031746031746031744,0.015873015873015872,0.015873015873015872,0.015873015873015872,0.015873015873015872,0.015873015873015872,0.015873015873015872,0.015873015873015872
present-2n,0.016129032258064516,0.016129032258064516,0.016129032258064516,0.016129032258064516,0.016129032258064516,0.016129032258064516,0.016129032258064516,0.016129032258064516,0.016129032258064516,0.016129032258064516,0.016129032258064516,0.016129032258064516,0.016129032258064516,0.016129032258064516,0.016129032258064516,0.016129032258064516,0.016129032258064516,0.016129032258064516,0.016129032258064516,0.016129032258064516,0.016129032258064516,0.016129032258064516,0.016129032258064516,0.016129032258064516,0.016129032258064516,0.016129032258064516,0.016129032258064516,0.016129032258064516,0.016129032258064516,0.016129032258064516,0.016129032258064516,0.016129032258064516,0.016129032258064516,0.016129032258064516,0.016129032258064516,0.016129032258064516,0.016129032258064516,0.016129032258064516,0.016129032258064516,0.016129032258064516,0.016129032258064516,0.016129032258064516,0.016129032258064516,0.016129032258064516,0.016129032258064516,0.016129032258064516,0.016129032258064516,0.016129032258064516,0.016129032258064516,0.016129032258064516,0.016129032258064516,0.016129032258064516,0.016129032258064516,0.016129032258064516,0.016129032258064516,0.016129032258064516,0.016129032258064516,0.016129032258064516,0.016129032258064516,0.016129032258064516,0.016129032258064516,0.016129032258064516
present-2f,0.016129032258064516,0.016129032258064516,0.016129032258064516,0.016129032258064516,0.016129032258064516,0.016129032258064516,0.016129032258064516,0.016129032258064516,0.016129032258064516,0.016129032258064516,0.016129032258064516,0.016129032258064516,0.016129032258064516,0.016129032258064516,0.016129032258064516,0.016129032258064516,0.016129032258064516,0.016129032258064516,0.016129032258064516,0.016129032258064516,0.016129032258064516,0.016129032258064516,0.016129032258064516,0.016129032258064516,0.016129032258064516,0.016129032258064516,0.016129032258064516,0.016129032258064516,0.016129032258064516,0.016129032258064516,0.016129032258064516,0.016129032258064516,0.016129032258064516,0.016129032258064516,0.016129032258064516,0.016129032258064516,0.016129032258064516,0.016129032258064516,0.016129032258064516,0.016129032258064516,0.016129032258064516,0.016129032258064516,0.016129032258064516,0.016129032258064516,0.016129032258064516,0.016129032258064516,0.016129032258064516,0.016129032258064516,0.016129032258064516,0.016129032258064516,0.016129032258064516,0.016129032258064516,0.016129032258064516,0.016129032258064516,0.016129032258064516,0.016129032258064516,0.016129032258064516,0.016129032258064516,0.016129032258064516,0.016129032258064516,0.016129032258064516,0.016129032258064516
present-1,0.016129032258064516,0.016129032258064516,0.016129032258064516,0.016129032258064516,0.016129032258064516,0.016129032258064516,0.016129032258064516,0.016129032258064516,0.016129032258064516,0.016129032258064516,0.016129032258064516,0.016129032258064516,0.016129032258064516,0.016129032258064516,0.016129032258064516,0.016129032258064516,0.016129032258064516,0.016129032258064516,0.016129032258064516,0.016129032258064516,0.016129032258064516,0.016129032258064516,0.016129032258064516,0.016129032258064516,0.016129032258064516,0.016129032258064516,0.016129032258064516,0.016129032258064516,0.016129032258064516,0.016129032258064516,0.016129032258064516,0.016129032258064516,0.016129032258064516,0.016129032258064516,0.016129032258064516,0.016129032258064516,0.016129032258064516,0.016129032258064516,0.016129032258064516,0.016129032258064516,0.016129032258064516,0.016129032258064516,0.016129032258064516,0.016129032258064516,0.016129032258064516,0.016129032258064516,0.016129032258064516,0.016129032258064516,0.016129032258064516,0.016129032258064516,0.016129032258064516,0.016129032258064516,0.016129032258064516,0.016129032258064516,0.016129032258064516,0.016129032258064516,0.016129032258064516,0.016129032258064516,0.016129032258064516,0.016129032258064516,0.016129032258064516,0.016129032258064516
past-3a,0.015151515151515152,0.015151515151515152,0.015151515151515152,0.015151515151515152,0.015151515151515152,0.015151515151515152,0.015151515151515152,0.015151515151515152,0.015151515151515152,0.015151515151515152,0.015151515151515152,0.015151515151515152,0.015151515151515152,0.015151515151515152,0.015151515151515152,0.015151515151515152,0.015151515151515152,0.015151515151515152,0.015151515151515152,0.015151515151515152,0.015151515151515152,0.015151515151515152,0.015151515151515152,0.015151515151515152,0.015151515151515152,0.015151515151515152,0.015151515151515152,0.015151515151515152,0.015151515151515152,0.015151515151515152,0.015151515151515152,0.015151515151515152,0.015151515151515152,0.015151515151515152,0.015151515151515152,0.015151515151515152,0.015151515151515152,0.015151515151515152,0.015151515151515152,0.015151515151515152,0.015151515151515152,0.015151515151515152,0.015151515151515152,0.015151515151515152,0.015151515151515152,0.015151515151515152,0.015151515151515152,0.015151515151515152,0.015151515151515152,0.015151515151515152,0.015151515151515152,0.015151515151515152,0.015151515151515152,0.015151515151515152,0.07575757575757576,0.015151515151515152,0.015151515151515152,0.015151515151515152,0.015151515151515152,0.015151515151515152,0.015151515151515152,0.015151515151515152
past-2f,0.016129032258064516,0.016129032258064516,0.016129032258064516,0.016129032258064516,0.016129032258064516,0.016129032258064516,0.016129032258064516,0.016129032258064516,0.016129032258064516,0.016129032258064516,0.016129032258064516,0.016129032258064516,0.016129032258064516,0.016129032258064516,0.016129032258064516,0.016129032258064516,0.016129032258064516,0.016129032258064516,0.016129032258064516,0.016129032258064516,0.016129032258064516,0.016129032258064516,0.016129032258064516,0.016129032258064516,0.016129032258064516,0.016129032258064516,0.016129032258064516,0.016129032258064516,0.016129032258064516,0.016129032258064516,0.016129032258064516,0.016129032258064516,0.016129032258064516,0.016129032258064516,0.016129032258064516,0.016129032258064516,0.016129032258064516,0.016129032258064516,0.016129032258064516,0.016129032258064516,0.016129032258064516,0.016129032258064516,0.016129032258064516,0.016129032258064516,0.016129032258064516,0.016129032258064516,0.016129032258064516,0.016129032258064516,0.016129032258064516,0.016129032258064516,0.016129032258064516,0.016129032258064516,0.016129032258064516,0.016129032258064516,0.016129032258064516,0.016129032258064516,0.016129032258064516,0.016129032258064516,0.016129032258064516,0.016129032258064516,0.016129032258064516,0.016129032258064516
past-2a,0.016129032258064516,0.016129032258064516,0.016129032258064516,0.016129032258064516,0.016129032258064516,0.016129032258064516,0.016129032258064516,0.016129032258064516,0.016129032258064516,0.016129032258064516,0.016129032258064516,0.016129032258064516,0.016129032258064516,0.016129032258064516,0.016129032258064516,0.016129032258064516,0.016129032258064516,0.016129032258064516,0.016129032258064516,0.016129032258064516,0.016129032258064516,0.016129032258064516,0.016129032258064516,0.016129032258064516,0.016129032258064516,0.016129032258064516,0.016129032258064516,0.016129032258064516,0.016129032258064516,0.016129032258064516,0.016129032258064516,0.016129032258064516,0.016129032258064516,0.016129032258064516,0.016129032258064516,0.016129032258064516,0.016129032258064516,0.016129032258064516,0.016129032258064516,0.016129032258064516,0.016129032258064516,0.016129032258064516,0.016129032258064516,0.016129032258064516,0.016129032258064516,0.016129032258064516,0.016129032258064516,0.016129032258064516,0.016129032258064516,0.016129032258064516,0.016129032258064516,0.016129032258064516,0.016129032258064516,0.016129032258064516,0.016129032258064516,0.016129032258064516,0.016129032258064516,0.016129032258064516,0.016129032258064516,0.016129032258064516,0.016129032258064516,0.016129032258064516
past-1,0.016129032258064516,0.016129032258064516,0.016129032258064516,0.016129032258064516,0.016129032258064516,0.016129032258064516,0.016129032258064516,0.016129032258064516,0.016129032258064516,0.016129032258064516,0.016129032258064516,0.016129032258064516,0.016129032258064516,0.016129032258064516,0.016129032258064516,0.016129032258064516,0.016129032258064516,0.016129032258064516,0.016129032258064516,0.016129032258064516,0.016129032258064516,0.016129032258064516,0.016129032258064516,0.016129032258064516,0.016129032258064516,0.016129032258064516,0.016129032258064516,0.016129032258064516,0.016129032258064516,0.016129032258064516,0.016129032258064516,0.016129032258064516,0.016129032258064516,0.016129032258064516,0.016129032258064516,0.016129032258064516,0.016129032258064516,0.016129032258064516,0.016129032258064516,0.016129032258064516,0.016129032258064516,0.016129032258064516,0.016129032258064516,0.016129032258064516,0.016129032258064516,0.016129032258064516,0.016129032258064516,0.016129032258064516,0.016129032258064516,0.016129032258064516,0.016129032258064516,0.016129032258064516,0.016129032258064516,0.016129032258064516,0.016129032258064516,0.016129032258064516,0.016129032258064516,0.016129032258064516,0.016129032258064516,0.016129032258064516,0.016129032258064516,0.016129032258064516
future-2f,0.015873015873015872,0.015873015873015872,0.015873015873015872,0.015873015873015872,0.015873015873015872,0.015873015873015872,0.015873015873015872,0.015873015873015872,0.015873015873015872,0.015873015873015872,0.015873015873015872,0.015873015873015872,0.015873015873015872,0.015873015873015872,0.015873015873015872,0.015873015873015872,0.015873015873015872,0.015873015873015872,0.015873015873015872,0.015873015873015872,0.015873015873015872,0.015873015873015872,0.015873015873015872,0.015873015873015872,0.015873015873015872,0.015873015873015872,0.015873015873015872,0.015873015873015872,0.015873015873015872,0.015873015873015872,0.015873015873015872,0.015873015873015872,0.015873015873015872,0.015873015873015872,0.015873015873015872,0.015873015873015872,0.015873015873015872,0.015873015873015872,0.015873015873015872,0.015873015873015872,0.015873015873015872,0.015873015873015872,0.015873015873015872,0.015873015873015872,0.015873015873015872,0.015873015873015872,0.015873015873015872,0.015873015873015872,0.015873015873015872,0.015873015873015872,0.015873015873015872,0.015873015873015872,0.015873015873015872,0.015873015873015872,0.031746031746031744,0.015873015873015872,0.015873015873015872,0.015873015873015872,0.015873015873015872,0.015873015873015872,0.015873015873015872,0.015873015873015872
future-2n,0.016129032258064516,0.016129032258064516,0.016129032258064516,0.016129032258064516,0.016129032258064516,0.016129032258064516,0.016129032258064516,0.016129032258064516,0.016129032258064516,0.016129032258064516,0.016129032258064516,0.016129032258064516,0.016129032258064516,0.016129032258064516,0.016129032258064516,0.016129032258064516,0.016129032258064516,0.016129032258064516,0.016129032258064516,0.016129032258064516,0.016129032258064516,0.016129032258064516,0.016129032258064516,0.016129032258064516,0.016129032258064516,0.016129032258064516,0.016129032258064516,0.016129032258064516,0.016129032258064516,0.016129032258064516,0.016129032258064516,0.016129032258064516,0.016129032258064516,0.016129032258064516,0.016129032258064516,0.016129032258064516,0.016129032258064516,0.016129032258064516,0.016129032258064516,0.016129032258064516,0.016129032258064516,0.016129032258064516,0.016129032258064516,0.016129032258064516,0.016129032258064516,0.016129032258064516,0.016129032258064516,0.016129032258064516,0.016129032258064516,0.016129032258064516,0.016129032258064516,0.016129032258064516,0.016129032258064516,0.016129032258064516,0.016129032258064516,0.016129032258064516,0.016129032258064516,0.016129032258064516,0.016129032258064516,0.016129032258064516,0.016129032258064516,0.016129032258064516
future-3a,0.015625,0.015625,0.015625,0.015625,0.015625,0.015625,0.015625,0.015625,0.015625,0.015625,0.015625,0.015625,0.015625,0.015625,0.015625,0.015625,0.015625,0.015625,0.015625,0.015625,0.015625,0.015625,0.015625,0.015625,0.015625,0.015625,0.015625,0.015625,0.015625,0.015625,0.015625,0.015625,0.015625,0.015625,0.015625,0.015625,0.015625,0.015625,0.015625,0.015625,0.015625,0.015625,0.015625,0.015625,0.015625,0.015625,0.015625,0.015625,0.015625,0.015625,0.015625,0.015625,0.015625,0.015625,0.046875,0.015625,0.015625,0.015625,0.015625,0.015625,0.015625,0.015625
future-1,0.015873015873015872,0.015873015873015872,0.015873015873015872,0.015873015873015872,0.015873015873015872,0.015873015873015872,0.015873015873015872,0.015873015873015872,0.015873015873015872,0.015873015873015872,0.015873015873015872,0.015873015873015872,0.015873015873015872,0.015873015873015872,0.015873015873015872,0.015873015873015872,0.015873015873015872,0.015873015873015872,0.015873015873015872,0.015873015873015872,0.015873015873015872,0.015873015873015872,0.015873015873015872,0.015873015873015872,0.015873015873015872,0.015873015873015872,0.015873015873015872,0.015873015873015872,0.015873015873015872,0.015873015873015872,0.015873015873015872,0.015873015873015872,0.015873015873015872,0.015873015873015872,0.015873015873015872,0.015873015873015872,0.015873015873015872,0.015873015873015872,0.015873015873015872,0.015873015873015872,0.015873015873015872,0.015873015873015872,0.015873015873015872,0.015873015873015872,0.015873015873015872,0.015873015873015872,0.015873015873015872,0.015873015873015872,0.015873015873015872,0.015873015873015872,0.015873015873015872,0.015873015873015872,0.015873015873015872,0.015873015873015872,0.031746031746031744,0.015873015873015872,0.015873015873015872,0.015873015873015872,0.015873015873015872,0.015873015873015872,0.015873015873015872,0.015873015873015872
ardha,0.016129032258064516,0.016129032258064516,0.016129032258064516,0.016129032258064516,0.016129032258064516,0.016129032258064516,0.016129032258064516,0.016129032258064516,0.016129032258064516,0.016129032258064516,0.016129032258064516,0.016129032258064516,0.016129032258064516,0.016129032258064516,0.016129032258064516,0.016129032258064516,0.016129032258064516,0.016129032258064516,0.016129032258064516,0.016129032258064516,0.016129032258064516,0.016129032258064516,0.016129032258064516,0.016129032258064516,0.016129032258064516,0.016129032258064516,0.016129032258064516,0.016129032258064516,0.016129032258064516,0.016129032258064516,0.016129032258064516,0.016129032258064516,0.016129032258064516,0.016129032258064516,0.016129032258064516,0.016129032258064516,0.016129032258064516,0.016129032258064516,0.016129032258064516,0.016129032258064516,0.016129032258064516,0.016129032258064516,0.016129032258064516,0.016129032258064516,0.016129032258064516,0.016129032258064516,0.016129032258064516,0.016129032258064516,0.016129032258064516,0.016129032258064516,0.016129032258064516,0.016129032258064516,0.016129032258064516,0.016129032258064516,0.016129032258064516,0.016129032258064516,0.016129032258064516,0.016129032258064516,0.016129032258064516,0.016129032258064516,0.016129032258064516,0.016129032258064516
infix,0.016129032258064516,0.016129032258064516,0.016129032258064516,0.016129032258064516,0.016129032258064516,0.016129032258064516,0.016129032258064516,0.016129032258064516,0.016129032258064516,0.016129032258064516,0.016129032258064516,0.016129032258064516,0.016129032258064516,0.016129032258064516,0.016129032258064516,0.016129032258064516,0.016129032258064516,0.016129032258064516,0.016129032258064516,0.016129032258064516,0.016129032258064516,0.016129032258064516,0.016129032258064516,0.016129032258064516,0.016129032258064516,0.016129032258064516,0.016129032258064516,0.016129032258064516,0.016129032258064516,0.016129032258064516,0.016129032258064516,0.016129032258064516,0.016129032258064516,0.016129032258064516,0.016129032258064516,0.016129032258064516,0.016129032258064516,0.016129032258064516,0.016129032258064516,0.016129032258064516,0.016129032258064516,0.016129032258064516,0.016129032258064516,0.016129032258064516,0.016129032258064516,0.016129032258064516,0.016129032258064516,0.016129032258064516,0.016129032258064516,0.016129032258064516,0.016129032258064516,0.016129032258064516,0.016129032258064516,0.016129032258064516,0.016129032258064516,0.016129032258064516,0.016129032258064516,0.016129032258064516,0.016129032258064516,0.016129032258064516,0.016129032258064516,0.016129032258064516
dash,0.17582417582417584,0.0989010989010989,0.04395604395604396,0.01098901098901099,0.01098901098901099,0.02197802197802198,0.01098901098901099,0.01098901098901099,0.01098901098901099,0.01098901098901099,0.01098901098901099,0.02197802197802198,0.01098901098901099,0.01098901098901099,0.02197802197802198,0.01098901098901099,0.01098901098901099,0.01098901098901099,0.01098901098901099,0.01098901098901099,0.01098901098901099,0.01098901098901099,0.01098901098901099,0.01098901098901099,0.01098901098901099,0.01098901098901099,0.01098901098901099,0.01098901098901099,0.01098901098901099,0.01098901098901099,0.01098901098901099,0.01098901098901099,0.01098901098901099,0.01098901098901099,0.01098901098901099,0.01098901098901099,0.01098901098901099,0.01098901098901099,0.01098901098901099,0.01098901098901099,0.01098901098901099,0.01098901098901099,0.01098901098901099,0.01098901098901099,0.01098901098901099,0.01098901098901099,0.01098901098901099,0.01098901098901099,0.01098901098901099,0.01098901098901099,0.01098901098901099,0.01098901098901099,0.01098901098901099,0.01098901098901099,0.01098901098901099,0.01098901098901099,0.01098901098901099,0.01098901098901099,0.01098901098901099,0.01098901098901099,0.01098901098901099,0.01098901098901099
manner,0.015625,0.015625,0.015625,0.015625,0.015625,0.015625,0.015625,0.015625,0.015625,0.015625,0.015625,0.015625,0.015625,0.015625,0.015625,0.015625,0.015625,0.015625,0.015625,0.015625,0.015625,0.015625,0.015625,0.015625,0.015625,0.015625,0.015625,0.015625,0.015625,0.015625,0.015625,0.015625,0.015625,0.015625,0.015625,0.015625,0.015625,0.015625,0.015625,0.015625,0.015625,0.015625,0.015625,0.015625,0.015625,0.015625,0.015625,0.015625,0.015625,0.015625,0.015625,0.015625,0.015625,0.015625,0.046875,0.015625,0.015625,0.015625,0.015625,0.015625,0.015625,0.015625
mod_attr,0.016129032258064516,0.016129032258064516,0.016129032258064516,0.016129032258064516,0.016129032258064516,0.016129032258064516,0.016129032258064516,0.016129032258064516,0.016129032258064516,0.016129032258064516,0.016129032258064516,0.016129032258064516,0.016129032258064516,0.016129032258064516,0.016129032258064516,0.016129032258064516,0.016129032258064516,0.016129032258064516,0.016129032258064516,0.016129032258064516,0.016129032258064516,0.016129032258064516,0.016129032258064516,0.016129032258064516,0.016129032258064516,0.016129032258064516,0.016129032258064516,0.016129032258064516,0.016129032258064516,0.016129032258064516,0.016129032258064516,0.016129032258064516,0.016129032258064516,0.016129032258064516,0.016129032258064516,0.016129032258064516,0.016129032258064516,0.016129032258064516,0.016129032258064516,0.016129032258064516,0.016129032258064516,0.016129032258064516,0.016129032258064516,0.016129032258064516,0.016129032258064516,0.016129032258064516,0.016129032258064516,0.016129032258064516,0.016129032258064516,0.016129032258064516,0.016129032258064516,0.016129032258064516,0.016129032258064516,0.016129032258064516,0.016129032258064516,0.016129032258064516,0.016129032258064516,0.016129032258064516,0.016129032258064516,0.016129032258064516,0.016129032258064516,0.016129032258064516
quantity,0.015384615384615385,0.015384615384615385,0.015384615384615385,0.015384615384615385,0.015384615384615385,0.015384615384615385,0.015384615384615385,0.015384615384615385,0.015384615384615385,0.015384615384615385,0.015384615384615385,0.015384615384615385,0.015384615384615385,0.015384615384615385,0.015384615384615385,0.015384615384615385,0.015384615384615385,0.015384615384615385,0.015384615384615385,0.015384615384615385,0.015384615384615385,0.015384615384615385,0.015384615384615385,0.015384615384615385,0.015384615384615385,0.015384615384615385,0.06153846153846154,0.015384615384615385,0.015384615384615385,0.015384615384615385,0.015384615384615385,0.015384615384615385,0.015384615384615385,0.015384615384615385,0.015384615384615385,0.015384615384615385,0.015384615384615385,0.015384615384615385,0.015384615384615385,0.015384615384615385,0.015384615384615385,0.015384615384615385,0.015384615384615385,0.015384615384615385,0.015384615384615385,0.015384615384615385,0.015384615384615385,0.015384615384615385,0.015384615384615385,0.015384615384615385,0.015384615384615385,0.015384615384615385,0.015384615384615385,0.015384615384615385,0.015384615384615385,0.015384615384615385,0.015384615384615385,0.015384615384615385,0.015384615384615385,0.015384615384615385,0.015384615384615385,0.015384615384615385
compare,0.015625,0.015625,0.015625,0.015625,0.015625,0.015625,0.015625,0.015625,0.015625,0.015625,0.015625,0.015625,0.015625,0.015625,0.015625,0.015625,0.015625,0.015625,0.015625,0.015625,0.015625,0.015625,0.015625,0.015625,0.015625,0.015625,0.015625,0.015625,0.015625,0.015625,0.015625,0.015625,0.015625,0.015625,0.015625,0.015625,0.015625,0.015625,0.015625,0.015625,0.015625,0.015625,0.015625,0.015625,0.015625,0.015625,0.015625,0.015625,0.015625,0.015625,0.015625,0.015625,0.015625,0.015625,0.046875,0.015625,0.015625,0.015625,0.015625,0.015625,0.015625,0.015625
emph,0.015625,0.015625,0.015625,0.015625,0.015625,0.015625,0.015625,0.015625,0.015625,0.015625,0.015625,0.015625,0.015625,0.015625,0.015625,0.015625,0.015625,0.015625,0.015625,0.015625,0.015625,0.015625,0.015625,0.015625,0.015625,0.015625,0.015625,0.015625,0.015625,0.015625,0.015625,0.015625,0.015625,0.015625,0.015625,0.015625,0.015625,0.015625,0.015625,0.015625,0.015625,0.015625,0.015625,0.015625,0.015625,0.015625,0.015625,0.015625,0.015625,0.015625,0.015625,0.015625,0.015625,0.015625,0.046875,0.015625,0.015625,0.015625,0.015625,0.015625,0.015625,0.015625
without,0.016129032258064516,0.016129032258064516,0.016129032258064516,0.016129032258064516,0.016129032258064516,0.016129032258064516,0.016129032258064516,0.016129032258064516,0.016129032258064516,0.016129032258064516,0.016129032258064516,0.016129032258064516,0.016129032258064516,0.016129032258064516,0.016129032258064516,0.016129032258064516,0.016129032258064516,0.016129032258064516,0.016129032258064516,0.016129032258064516,0.016129032258064516,0.016129032258064516,0.016129032258064516,0.016129032258064516,0.016129032258064516,0.016129032258064516,0.016129032258064516,0.016129032258064516,0.016129032258064516,0.016129032258064516,0.016129032258064516,0.016129032258064516,0.016129032258064516,0.016129032258064516,0.016129032258064516,0.016129032258064516,0.016129032258064516,0.016129032258064516,0.016129032258064516,0.016129032258064516,0.016129032258064516,0.016129032258064516,0.016129032258064516,0.016129032258064516,0.016129032258064516,0.016129032258064516,0.016129032258064516,0.016129032258064516,0.016129032258064516,0.016129032258064516,0.016129032258064516,0.016129032258064516,0.016129032258064516,0.016129032258064516,0.016129032258064516,0.016129032258064516,0.016129032258064516,0.016129032258064516,0.016129032258064516,0.016129032258064516,0.016129032258064516,0.016129032258064516
t_loc,0.016129032258064516,0.016129032258064516,0.016129032258064516,0.016129032258064516,0.016129032258064516,0.016129032258064516,0.016129032258064516,0.016129032258064516,0.016129032258064516,0.016129032258064516,0.016129032258064516,0.016129032258064516,0.016129032258064516,0.016129032258064516,0.016129032258064516,0.016129032258064516,0.016129032258064516,0.016129032258064516,0.016129032258064516,0.016129032258064516,0.016129032258064516,0.016129032258064516,0.016129032258064516,0.016129032258064516,0.016129032258064516,0.016129032258064516,0.016129032258064516,0.016129032258064516,0.016129032258064516,0.016129032258064516,0.016129032258064516,0.016129032258064516,0.016129032258064516,0.016129032258064516,0.016129032258064516,0.016129032258064516,0.016129032258064516,0.016129032258064516,0.016129032258064516,0.016129032258064516,0.016129032258064516,0.016129032258064516,0.016129032258064516,0.016129032258064516,0.016129032258064516,0.016129032258064516,0.016129032258064516,0.016129032258064516,0.016129032258064516,0.016129032258064516,0.016129032258064516,0.016129032258064516,0.016129032258064516,0.016129032258064516,0.016129032258064516,0.016129032258064516,0.016129032258064516,0.016129032258064516,0.016129032258064516,0.016129032258064516,0.016129032258064516,0.016129032258064516
negative,0.006493506493506494,0.006493506493506494,0.006493506493506494,0.006493506493506494,0.006493506493506494,0.006493506493506494,0.006493506493506494,0.006493506493506494,0.032467532467532464,0.2077922077922078,0.15584415584415584,0.22727272727272727,0.006493506493506494,0.006493506493506494,0.006493506493506494,0.006493506493506494,0.006493506493506494,0.006493506493506494,0.006493506493506494,0.006493506493506494,0.006493506493506494,0.006493506493506494,0.006493506493506494,0.006493506493506494,0.006493506493506494,0.006493506493506494,0.006493506493506494,0.006493506493506494,0.006493506493506494,0.006493506493506494,0.006493506493506494,0.006493506493506494,0.006493506493506494,0.006493506493506494,0.006493506493506494,0.006493506493506494,0.006493506493506494,0.006493506493506494,0.006493506493506494,0.006493506493506494,0.006493506493506494,0.006493506493506494,0.006493506493506494,0.006493506493506494,0.006493506493506494,0.006493506493506494,0.006493506493506494,0.006493506493506494,0.006493506493506494,0.006493506493506494,0.006493506493506494,0.006493506493506494,0.006493506493506494,0.006493506493506494,0.006493506493506494,0.006493506493506494,0.006493506493506494,0.006493506493506494,0.006493506493506494,0.006493506493506494,0.006493506493506494,0.006493506493506494
numerical,0.06153846153846154,0.005128205128205128,0.015384615384615385,0.010256410256410256,0.005128205128205128,0.005128205128205128,0.005128205128205128,0.005128205128205128,0.005128205128205128,0.005128205128205128,0.005128205128205128,0.005128205128205128,0.005128205128205128,0.005128205128205128,0.005128205128205128,0.005128205128205128,0.005128205128205128,0.005128205128205128,0.005128205128205128,0.005128205128205128,0.005128205128205128,0.005128205128205128,0.005128205128205128,0.005128205128205128,0.005128205128205128,0.005128205128205128,0.005128205128205128,0.005128205128205128,0.6102564102564103,0.005128205128205128,0.005128205128205128,0.005128205128205128,0.005128205128205128,0.005128205128205128,0.005128205128205128,0.005128205128205128,0.005128205128205128,0.005128205128205128,0.005128205128205128,0.005128205128205128,0.005128205128205128,0.005128205128205128,0.005128205128205128,0.005128205128205128,0.005128205128205128,0.005128205128205128,0.005128205128205128,0.005128205128205128,0.005128205128205128,0.005128205128205128,0.005128205128205128,0.005128205128205128,0.010256410256410256,0.005128205128205128,0.005128205128205128,0.005128205128205128,0.005128205128205128,0.005128205128205128,0.005128205128205128,0.005128205128205128,0.005128205128205128,0.005128205128205128
other,0.016129032258064516,0.016129032258064516,0.016129032258064516,0.016129032258064516,0.016129032258064516,0.016129032258064516,0.016129032258064516,0.016129032258064516,0.016129032258064516,0.016129032258064516,0.016129032258064516,0.016129032258064516,0.016129032258064516,0.016129032258064516,0.016129032258064516,0.016129032258064516,0.016129032258064516,0.016129032258064516,0.016129032258064516,0.016129032258064516,0.016129032258064516,0.016129032258064516,0.016129032258064516,0.016129032258064516,0.016129032258064516,0.016129032258064516,0.016129032258064516,0.016129032258064516,0.016129032258064516,0.016129032258064516,0.016129032258064516,0.016129032258064516,0.016129032258064516,0.016129032258064516,0.016129032258064516,0.016129032258064516,0.016129032258064516,0.016129032258064516,0.016129032258064516,0.016129032258064516,0.016129032258064516,0.016129032258064516,0.016129032258064516,0.016129032258064516,0.016129032258064516,0.016129032258064516,0.016129032258064516,0.016129032258064516,0.016129032258064516,0.016129032258064516,0.016129032258064516,0.016129032258064516,0.016129032258064516,0.016129032258064516,0.016129032258064516,0.016129032258064516,0.016129032258064516,0.016129032258064516,0.016129032258064516,0.016129032258064516,0.016129032258064516,0.016129032258064516
ws,0.016129032258064516,0.016129032258064516,0.016129032258064516,0.016129032258064516,0.016129032258064516,0.016129032258064516,0.016129032258064516,0.016129032258064516,0.016129032258064516,0.016129032258064516,0.016129032258064516,0.016129032258064516,0.016129032258064516,0.016129032258064516,0.016129032258064516,0.016129032258064516,0.016129032258064516,0.016129032258064516,0.016129032258064516,0.016129032258064516,0.016129032258064516,0.016129032258064516,0.016129032258064516,0.016129032258064516,0.016129032258064516,0.016129032258064516,0.016129032258064516,0.016129032258064516,0.016129032258064516,0.016129032258064516,0.016129032258064516,0.016129032258064516,0.016129032258064516,0.016129032258064516,0.016129032258064516,0.016129032258064516,0.016129032258064516,0.016129032258064516,0.016129032258064516,0.016129032258064516,0.016129032258064516,0.016129032258064516,0.016129032258064516,0.016129032258064516,0.016129032258064516,0.016129032258064516,0.016129032258064516,0.016129032258064516,0.016129032258064516,0.016129032258064516,0.016129032258064516,0.016129032258064516,0.016129032258064516,0.016129032258064516,0.016129032258064516,0.016129032258064516,0.016129032258064516,0.016129032258064516,0.016129032258064516,0.016129032258064516,0.016129032258064516,0.016129032258064516
we,0.016129032258064516,0.016129032258064516,0.016129032258064516,0.016129032258064516,0.016129032258064516,0.016129032258064516,0.016129032258064516,0.016129032258064516,0.016129032258064516,0.016129032258064516,0.016129032258064516,0.016129032258064516,0.016129032258064516,0.016129032258064516,0.016129032258064516,0.016129032258064516,0.016129032258064516,0.016129032258064516,0.016129032258064516,0.016129032258064516,0.016129032258064516,0.016129032258064516,0.016129032258064516,0.016129032258064516,0.016129032258064516,0.016129032258064516,0.016129032258064516,0.016129032258064516,0.016129032258064516,0.016129032258064516,0.016129032258064516,0.016129032258064516,0.016129032258064516,0.016129032258064516,0.016129032258064516,0.016129032258064516,0.016129032258064516,0.016129032258064516,0.016129032258064516,0.016129032258064516,0.016129032258064516,0.016129032258064516,0.016129032258064516,0.016129032258064516,0.016129032258064516,0.016129032258064516,0.016129032258064516,0.016129032258064516,0.016129032258064516,0.016129032258064516,0.016129032258064516,0.016129032258064516,0.016129032258064516,0.016129032258064516,0.016129032258064516,0.016129032258064516,0.016129032258064516,0.016129032258064516,0.016129032258064516,0.016129032258064516,0.016129032258064516,0.016129032258064516
