sentence,length,ambiguous_words,incorrect_words,candidate_analyses
তেওঁৰ পিতৃৰ পৰিবহণৰ ব্যৱসায় আছে ।,6,3,0,12
আশা আৰু আত্মবিশ্বাসেৰে আমি মানৱজাতিৰ ইতিহাসত এক অনন্য পৰীক্ষা-নিৰীক্ষা আৰম্ভ কৰিলো ।,12,4,1,32
সেই পৰিয়ালটোত দুটা ল'ৰা আছিল ।,6,1,0,3
সদস্য পদটোত প্ৰাৰ্থীগৰাকীৰ বিজয়ৰ সম্পূৰ্ণ সম্ভাৱনা আছে ।,8,3,1,18
যদি এই বিয়াৰ গুজৱ সত্য হয় তেনে পিতৃ-মাতৃ হিচাপে আমি অতিশয় সুখী হ'ম ।,14,8,2,2916
কেন্দ্ৰই কয় যে সকলো ধৰ্মতে বিবাহৰ এক সামাজিক মহত্ত্ব আছে ।,11,8,0,768
ইয়াৰ পিছৰখিনি কেৱল মাত্ৰ ইতিহাস ।,6,1,0,2
অশান্তি লাগি আছে ।,4,2,0,6
সকলো সাজু হৈছে বিহুটিক আদৰিবলৈ ।,6,4,0,24
তাৰে এটা হ'ল আয়কৰ ৰেহাইৰ লাভালাভ ।,7,6,3,486
""" গণতন্ত্ৰ ৰক্ষা কৰিবলৈ ।",5,3,0,8
সেই ত্যাগত কিমান আনন্দ আছে ।,6,1,0,3
কিন্তু কৃষিমন্ত্ৰীগৰাকীৰ এই কথাটো কিমান গ্ৰহণযোগ্য ।,7,3,1,18
আজি ঘৰৰ ল'ৰা ঘৰলৈ উভতি আহিছো ।,7,1,0,2
তেওঁৰ উত্তৰ আছিল হৃদয়স্পৰ্শী ।,5,1,0,2
ডাঙৰকৈ অহা বৰষুণৰ সুবিধা লৈ দুষ্কৃতিকাৰীয়ে এইবোৰ সংঘটিত কৰিছিল ।,10,6,2,144
তাত কোনো ঘূণ থাকিব নালাগিব ।,6,3,1,12
মহাৰাষ্ট্ৰত পৰিৱেশ আৰু বেয়া ।,5,1,1,4
মই বৰ ভয় খাইছো ।,5,2,1,6
নলবাৰী : নলবাৰীত গো মাংস কেন্দ্ৰ কৰি উত্তেজনায় পৰিবেশৰ সৃষ্টি ।,11,3,2,8
"তাৰ উদাহৰণ মিজোৰাম , অৰুণাচল ।",6,1,0,2
দ্বিতীয় বিবাহৰ পাছত স্বামীৰ নতুন পত্নীৰ সেৱা কৰাটো প্ৰথমা পত্নীৰ মূল ধৰ্ম হয় ।,14,6,1,288
বিশেষকৈ যিসকল অসুস্থ তেওঁলোকৰ খবৰ প্ৰতিদিনেই লৈছিল ।,8,4,0,72
: সুগন্ধা বৰা আজিকালি ইয়াত নাথাকে ।,7,2,1,16
আম হৈছে আটাইতকৈ প্ৰিয় ফলবোৰৰ ভিতৰত এটা আৰু লগতে ভাৰতৰ এক মুখ্য আচাৰ ।,14,12,1,27648
খাদ্য সংকট হৈছে ।,4,1,0,2
এই আলোচনাৰ অন্তত প্ৰথমখন প্ৰতিনিধি বৈঠক অনুষ্ঠিত হয় ।,9,3,1,18
এই বিষয়তো বিতৰ্ক অব্যাহত আছে ।,6,4,0,36
আনহাতে মই দুয়োটা কথাকে খুব বেয়া পাইছিলোঁ ।,8,1,0,2
ঘৰৰ প্ৰতিটো কোণত কেমেৰা থাকিব ।,6,1,0,2
ভাৰতৰ আটাইতকৈ বেয়া অৱস্থা মহাৰাষ্ট্ৰৰে ।,6,3,1,18
সেয়েহে ইয়াক তুলসীৰ ওচৰত ৰাখিব নালাগে ।,7,4,2,16
দুহাতেৰে শৰীৰটো ওপৰলৈ টানিবলৈ অশেষ চেষ্টা কৰিলো ।,8,2,0,4
তেওঁ পিছলৈ মোৰ শহুৰ হৈছিল ।,6,2,0,4
ইয়াৰ যোগেদি শৰীৰত ৰক্তকণিকা গঢ় লৈ উঠে ।,8,4,2,24
যঁতৰ অহিংসাৰ বাহ্য ৰূপ ।,5,2,1,9
কিয়নো আমি অসাধাৰণ নতুনত্ব অনাৰ চেষ্টা কৰিছিলো ।,8,3,2,18
এইবাৰ বিশ্বনাথত সংঘটিত হৈছে চিকিৎসকক আক্ৰমণৰ ঘটনা ।,8,3,1,18
যিয়ে গাঁওখনত আতংকময় পৰিৱেশৰ সৃষ্টি কৰিছে ।,7,2,1,9
অনেক প্ৰভাৱশালী ব্যক্তিৰ লগত আপোনাৰ সম্পৰ্ক গঢ়ি উঠিব ।,9,5,1,32
দ্বিতীয়তে প্ৰশংসাতকৈ তিৰস্কাৰৰ মাত্ৰ ।,5,3,1,8
তেওঁ এগৰাকী উচ্চ পৰ্যায়ৰ শিক্ষাবিদ আছিল ।,7,2,0,6
মহী চন্দ্ৰ মিৰি আছিল অসমৰ প্ৰথম মুখ্য বন সংৰক্ষক ।,10,3,0,8
তেওঁ দৰিদ্ৰৰ বন্ধু ।,4,1,0,4
"উল্লেখ্য যে , অলিম্পিকত ক্ৰিকেট অন্তৰ্ভুক্তিৰ দাবী উত্থাপন হৈ আহিছে ।",11,5,1,48
""" এটা মাহ লকডাউনৰ অন্তত পৰিৱেশ ভাল অৱস্থালৈ ঘূৰি আহিছে ।",11,6,1,216
ইয়াত কোনো ৰাজনৈতিক ৰহণ নাথাকিব ।,6,2,0,6
মহিলাগৰাকীয়ে অভিযোগ কৰিছিল যে বিধায়ক ত্ৰিপুৰাই তেওঁক বিবাহৰ প্ৰতিশ্ৰুতি দি ধৰ্ষণ কৰিছিল ।,13,8,0,2304
এই ব্যাপক অনিয়মত কৃষি বিভাগৰ বিষয়া কৰ্মী জড়িত থকাৰো অভিযোগ উঠিছে ।,12,8,1,1944
ভুক্তভোগী যুৱতীগৰাকীৰ এজাহাৰৰ ভিত্তিত আৰক্ষীয়ে বৰ্তমান তদন্ত আৰম্ভ কৰিছে ।,10,2,0,6
মই তেওঁলোকৰ লগত কথা পাতিব নোৱাৰিছিলোঁ ।,7,3,1,12
তেওঁলোকে কেৱল সাধুৰ ৰূপত নৃত্য কৰিছে ।,7,4,2,108
"সেয়ে ছাত্ৰ-ছাত্ৰী সকলে প্ৰতিটো কাম অতি নিষ্ঠা , দৃঢ়তা আৰু সফল হমেই বুলি কৰিব লাগে ।",16,9,3,3072
বিধায়ক কৌশিক ৰায়ৰ বিৰুদ্ধে ব্যৱস্থা গ্ৰহণৰ আহ্বান বিষয়াসকলৰ ।,9,2,1,10
লগতে অভিযুক্ত যুৱকজনৰ মাতৃৰ বিৰুদ্ধেও আন এক বিস্ফোৰক অভিযোগ উত্থাপন কৰিছে কিশোৰীগৰাকীয়ে ।,13,5,1,180
"সেই সময়ত , হঠাতে এটা ডাঙৰ শব্দত বিস্ফোৰিত হয় ।",10,4,2,54
ইয়াৰ উপৰিও এই অনুষ্ঠানত ৰাষ্ট্ৰীয় আৰু আন্তঃৰাষ্ট্ৰীয় পৰ্যায়ত অসমক প্ৰতিনিধিত্ব কৰা একাংশ খেলুৱৈ আৰু খেলৰ লগত জড়িত ১৫ গৰাকীৰ সন্মানীয় ব্যক্তিক সম্বৰ্ধনা জনোৱা হ'ব ।,25,11,1,36864
দৰকাৰ হ'লে ভুল স্বীকাৰো আমিয়েই কৰিম ।,7,5,2,96
এই উপলক্ষে পুৱা পতাকা উত্তোলনৰ পিছতে কণী যুঁজ প্ৰতিযোগিতা অনুষ্ঠিত কৰা হয় ।,13,5,1,144
তেনে ধৰণেই অসন্তুষ্টি ব্যক্ত কৰিছে মৰিগাঁও সমষ্টিৰ বিধায়ক ৰমাকান্ত দেউৰীয়ে ।,11,4,0,108
দিল্লী আৰক্ষী আয়ুক্তই জাৰি কৰা এই আদেশত কোৱা হৈছে যে যদি দিল্লী আৰক্ষীৰ কোনো কৰ্মচাৰী ক'ৰ'নাত আক্ৰান্ত হয় তেন্তে তেওঁলোকক শীঘ্ৰে আৰ্থিক সাহায্য প্ৰদান কৰা হ'ব ।,27,17,3,11943936
"আন ৪ গৰাকী সদস্য থাকিব আৰক্ষী অধীক্ষক , জিলা প্ৰাথমিক শিক্ষা বিষয়া , জিলা সমাজ কল্যাণ বিষয়া আৰু জিলা উপায়ুক্তই মনোনীত কৰা এগৰাকী শিক্ষাবিদ ।",25,10,0,20736
ই ওজন বৃদ্ধিৰ এক অন্যতম কাৰণ ।,7,4,0,32
সেয়েহে ভালপোৱা প্ৰস্তাৱটো প্ৰকাশ কৰাৰ সময়ত অলপ ধৈৰ্য্য ধৰিব ।,10,5,3,288
কথা কম কোৱা শক্তি কিমান ।,6,3,0,18
যি চকলেটে আজি বিশ্বৰ প্ৰাচীন চকলেট হিচাবে স্বীকৃতি লাভ কৰিবলৈ সক্ষম হৈছে ।,13,7,0,384
আমাৰ সমাজত যিমানবোৰ বৃত্তি আছে তাৰ ভিতৰত আটাইতকৈ মহান বৃত্তি হ'ল শিক্ষকতা বৃত্তি ।,14,9,2,2304
দুই কোটিৰে আৰম্ভ হৈছিল নিলাম ।,6,4,1,72
অসমত সেই সময়ত স্থায়ী নাগৰিকতাৰ সূত্ৰপাত মাথোঁ ।,8,5,4,72
"আহোমসকলৰ পৰম্পৰাগত এটা সমষ্টি সেই সমষ্টিটো হ্ৰাস কৰাটো নিশ্চয় আহোম মানুহবোৰে , অসমৰ খিলঞ্জীয়া মানুহবোৰে নিবিচাৰিব ।",17,8,0,576
"অৰ্থাৎ , কণীটো প্ৰথমে আহিছিল , কুকুৰাটো পিছত আহিছিল ।",10,3,0,12
বিহাৰ নিৰ্বাচনত ধন আৰু বাহুবল প্ৰদৰ্শনৰ ক্ষমতা থকা বহু প্ৰাৰ্থীয়ে নিৰ্বাচনী যুঁজত অৱতীৰ্ণ হৈছে ।,15,10,2,9216
এগৰাকীয়ে তেওঁক বিয়া কৰোৱা মানুহজনক শুদ্ধ কৰিব বুলি আশা কৰা মিছা ।,12,6,2,384
"আঘাত দিয়া আৰু মলম লগোৱা , দুয়োটাতে কাৰ্য্যতে ছোৱালী উত্তম ।",11,3,1,16
প্ৰস্তাৱিত ৰাজনৈতিক দলটোত স্থান নাথাকিব কোনো সাম্প্ৰদায়িক শক্তিৰ ।,9,5,3,108
ইতিমধ্যে মহাৰাষ্ট্ৰত দশম আৰু দ্বাদশ শ্ৰেণীৰ পৰীক্ষা স্থগিত কৰা হৈছে ।,11,5,1,192
মৃত্যুৰ সময়ত তেওঁৰ বয়স হৈছিল ৬০ বছৰ ।,8,3,1,12
"আমি এইটো নিশ্চয় উপলব্ধি কৰা উচিত যে , আমাৰ স্বাধীনতা হেৰুৱাৰ মূল কাৰণ হৈছে এই নৈতিক শক্তিৰ অৱনতি ।",19,12,1,41472
আইৰ মুখৰ মাতষাৰৰ ওপৰত চৰকাৰৰ তিনিতৰপীয়া আক্ৰমণ চলোৱাৰ প্ৰস্তুতিক কোনোপধ্যে মানি লোৱা নহব ।,14,9,3,6912
সেয়ে মই নিজকে শাৰীৰিক আৰু মানসিক ভাৱে যথেষ্ট সুস্থ অনুভৱ কৰো ।,12,6,2,1728
যাব খোজা শ্ৰদ্ধা যেন আকৌ উভতি আহিছিল ।,8,3,0,24
এক সস্তীয়া ধাতু লোহাৰ ব্যৱহাৰৰ সহায়ত এই যুগত দূৰ দূৰণিলৈ সভ্যতা বিয়পি পৰিছিল আৰু ইয়েই হ'ল লৌহ যুগৰ সকলোতকৈ ডাঙৰ অৱদান ।,22,12,2,36864
"একেদৰে , বিতৰণ কৰা সাহায্যৰ মানদণ্ড আৰু পৰিমাণৰ ওপৰতো খুব কম আলোচনা হৈছে ।",14,9,2,2048
"তেওঁলোকে ত্ৰিপুৰা আৰু ইয়াৰ মানুহৰ প্ৰতি এটা আকৰ্ষণ অনুভৱ কৰিব "" ।",12,7,2,1152
এইটো দুখদায়ক আছিল আৰু মোক অত্যন্ত অস্বস্তিকৰ অনুভৱ কৰাইছিল ।,10,4,1,96
আপোনাৰ স্বাস্থ্য নিখুঁত হৈ থাকিব ।,6,4,2,32
নিৰ্বাচনৰ সময়তে চাহ বাগিচাসমূহত এই মদ বিতৰণ কৰি লাভ কৰিব ভোট ।,12,10,1,3456
যিমান দিন লৈকে আদিবাসী অঞ্চলৰ চিকিৎসা সেৱা উন্নত নহব সিমান দিন লৈ ডাইনী প্ৰথা চলি থাকিব ।,17,8,0,2592
চিংৰাবোৰে বছৰৰ ১২ মাহ অতি সোৱাদৰ সৈতে খায় ।,9,6,3,192
ইতিমধ্যে বহুত অৰ্জন কৰিছে ।,5,3,1,18
"দ্বিতীয়তে , এই পাচলিৰ ভেষজ গুণাগুণ আশ্চৰ্যজনক ।",8,4,1,36
প্ৰত্যক্ষদৰ্শী সকলক প্ৰভাৱিত কৰি তেওঁলোকৰ বক্তব্য মন্তব্য সলনি কৰাৰ অলেখ উদাহৰণ আছে ।,13,6,2,648
আজি মনোনয়ন দাখিলৰ অন্তিম দিন ।,6,1,0,3
ধৰ্ষণকাৰীক কঠোৰ শাস্তি প্ৰদান কৰা উচিত ।,7,2,0,8
এইসমূহৰ বিৰুদ্ধে কঠোৰ পদক্ষেপ গ্ৰহণ কৰাটো অতি আৱশ্যক ।,9,4,1,80
তেখেতে ইতিমধ্যে বিভিন্ন নাটক লিখি সমাদৰ লাভ কৰিছে ।,9,6,0,648
কংগ্ৰেছ বিজেপিৰ বিৰুদ্ধে আক্ৰমণাত্মক হৈ উঠিছে ।,7,4,1,60
মোক হিন্দুস্থানী শিকোৱাৰ ব্যৱস্থাও কৰা হৈছিল ।,7,2,0,8
এনেদৰেই চাৰিটা দশাৰ মাজেৰে আমাৰ এৰাতিৰ নিদ্ৰা সম্পন্ন হয় ।,10,6,1,648
আপুনি আপোনাৰ ব্যৱসায়ত ভাল ফলাফল আৰু লাভ লাভ কৰিব ।,10,6,3,192
বৰ্তমান এই নামটি মালদ্বীপৰ ৰাষ্ট্ৰীয় প্ৰতীকত লিখা হৈছে ।,9,5,1,108
শেহতীয়া তথ্য অনুসৰি এই মহামাৰীত আক্ৰান্তৰ সংখ্যা ৩৪৩০ জনলৈ বৃদ্ধি পাইছে ।,12,6,1,432
তেখেতে কয় যে বিপদজনক অৱস্থাৰ সন্মুখীন হোৱাৰ এটা উপায় হ'ল কৌশলৰ আশ্ৰয় লোৱা ।,14,7,4,720
পৰৱৰ্তী সময়ত প্ৰতিযোগিতা উদ্বোধন কৰিব মহকুমাধিপতি অৰিন্দম বৰুৱাই ।,9,3,1,24
তাৰ পিছত কৰ্মচাৰীৰ সংখ্যা ক্ৰমান্বয়ে আধা কৰা হ'ব ।,9,5,1,96
আগন্তুক লোকসভা নিৰ্বাচনলৈ সাজু হৈছে মেঘালয় কংগ্ৰেছ ।,8,5,2,32
সকলোবোৰ নৈতিক শিক্ষাই উপযুক্ত সময়ত আৰু প্ৰত্যক্ষ ভাৱে ( বাস্তৱ ) হব লাগে ।,14,7,3,768
বহু সময়ত আমাৰ ঘৰত মহৰ উপদ্ৰৱ যথেষ্ট বৃদ্ধি পায় ।,10,3,1,27
কিন্তু পৰৱৰ্তী সময়ত ইয়াক পৃথক কৰা হৈছিল ।,8,3,1,24
এই তথ্যসূত্ৰসমূহৰ ওপৰত ভিত্তি কৰি বস্তুনিষ্ঠ আৰু বৈজ্ঞানিক এই দুটা বস্তু সংযুক্ত কৰি মূল্যায়নৰ ব্যৱস্থা কৰা হ'ব ।,18,11,1,27648
"উল্লেখ্য যে , উক্ত গীতটি মুক্তি লাভ কৰা পিছতেই লাভ কৰিছিল দৰ্শকৰ বহুল সঁহাৰি ।",15,8,0,1152
উল্লেখ্য যে যোৱা ২০১৭ চনত নগাঁও সমাজ কল্যাণ বিষয়া কাৰ্যালয় চৌহদত অস্থায়ীভাৱে একক অৱস্থান কেন্দ্ৰটি স্থাপন কৰা হৈছিল ।,19,10,2,20736
অসমত এই ৰাজ্যবোৰৰ তুলনাত অতি কমসংখ্যক চিত্ৰগৃহহে আছে ।,9,6,0,288
এই ৰায় কোনো এটা পক্ষৰ জয় পৰাজয় হিচাপে ল'ব নালাগে ।,11,10,2,7776
চন্দ্ৰ দেখা দিয়াৰ পিছত ৰমজান আৰম্ভ হোৱাৰ কথা ঘোষণা কৰা হৈছিল ।,12,4,0,32
কাৰণ এতিয়া নিৰ্মাণ হ'ব দলং ।,6,3,0,8
তথাপি এই দুয়োখন ক্ষেত্ৰৰ সমন্বয়ৰ জৰিয়তে এক সুস্থিৰ সংস্কৃতিয়ে গা কৰি উঠিছিল ।,13,9,1,4320
ভাৰতীয় প্ৰেক্ষাপটতো উলম্ব কৃষিৰ বিভিন্ন আঁচনিৰ ওপৰত ভাৰতীয় কৃষি গৱেষণা পৰিষদৰ অধীনত কাম-কাজ অব্যাহত আছে ।,16,6,1,216
এনেকুৱা মনোবৃত্তি ধাৰণ কৰা ভুল বুলি মই অতি বিনীতভাৱে জনাইছোঁ ।,11,7,2,1728
এই শীৰ্ষ হিন্দী দূৰদৰ্শন অনুষ্ঠানটো বৰ্তমান এক নম্বৰ স্থানত আছে আৰু অনুৰাগীসকলে যথেষ্ট ভাল পায় ।,16,7,0,1728
প্ৰধানমন্ত্ৰী নৰেন্দ্ৰ মোডীয়ে শ্ৰমিকসকলক কৈছিল যে আমাৰ এতিয়া বহুত কাম আছে ।,12,7,1,288
এতিয়া আমি খেলৰ মনস্তত্ত্ব সংক্ষেপে আলোচনা কৰিব লাগিব ।,9,5,1,48
মই প্ৰথমে সেই বিদ্যালয়ত উপস্থিত হলো ।,7,3,1,24
সেই সময়ত এই বিষয়টোৱে ব্যাপক চৰ্চা লাভ কৰিছিল ।,9,6,1,144
ছবিখনত সাপটো বিচাৰি পোৱাটো বহুত কঠিন বুলি গণ্য কৰা হয় ।,11,8,3,4800
অবিভক্ত নগাঁও জিলাত মুঠ ২৩ খন আঞ্চলিক আছে ।,9,2,0,12
তেওঁ লগতে কয় যে বিগত বৰ্ষৰ তুলনাত চলিত বৰ্ষত ৰাজ্যৰ ভিতৰতে প্ৰথম স্থান লাভ কৰা শিক্ষাৰ্থীগৰাকীৰ মুঠ নম্বৰো বৃদ্ধি হোৱাটো লক্ষণ ।,22,10,2,4608
যত আছে স্থানীয় বহু কেইগৰাকী মুছলমান লোক ।,8,4,1,48
আপুনি পৰিয়ালত আপোনাৰ জ্যেষ্ঠসকলৰ আশীৰ্বাদও পাব ।,7,2,0,10
ডাঙৰে আৰু লগৰীয়াবিলাকে ভালপোৱাটো শিশুৱে বিচাৰে ।,7,6,1,960
ইয়াক ঔষধ তৈয়াৰ কৰাতো ব্যৱহাৰ কৰা হয় ।,8,3,1,48
"উল্লেখ্য যে , হাতীটো পানীত আৱদ্ধ হৈ থকাৰ তিনি দিন পাছতহে বন বিভাগৰ লোক আহি হাতীটো পৰ্যবেক্ষণ কৰিছিল যদিও তাৎক্ষণিক ভাৱে কোনো পদক্ষেপ গ্ৰহণ কৰা নাছিল ।",27,16,6,3981312
সামাজিক বিজ্ঞানৰ ওপৰত নহয় ।,5,3,0,30
এনেবোৰ কাৰণতে উচ্চতম ন্যায়ালয়ৰ মুখ্য ন্যায়াধীশগৰাকী ক্ষুব্ধ হৈ পৰিছিল ।,10,7,0,192
কিন্তু পকী দলং নিৰ্মাণত ঠিকাদাৰ তথা বিভাগীয় কৰ্তৃপক্ষই হেমাহি কৰাৰ অভিযোগ ।,12,5,0,96
"দৰাচলতে , যদি বিমানখন বাতিল কৰা হয় , যাত্ৰীসকলে টিকটৰ টকা ঘূৰাই পায় ।",14,8,3,19440
কিন্তু যদি আপুনি আমাৰ বিৰুদ্ধে হিংসাৰ আশ্ৰয় লয় তেন্তে আমি আমাৰ পূৰ্বপুৰুষৰ ভূমিৰ পৰা এখোজো পিচুৱাই নাহো ।,18,5,3,300
তাৰ পৰা ৭ লাখ ৩০ হাজাৰ টকা উদ্ধাৰ কৰা হয় ।,11,5,2,360
এতেকে ঈশ্বৰৰ ' মন'ক জনাৰ অৰ্থ আচলতে প্ৰকৃতিৰ নিয়মসমূহক জনা ।,11,5,2,64
"যদি সংক্ৰমিত হৈছিল , তেওঁলোকৰ অৱস্থা ইমান গুৰুতৰ নাছিল যে তেওঁলোকে চিকিৎসালয়লৈ যাব লগীয়া হৈছিল ।",16,10,3,9216
এই আঞ্চলিকসমূহৰ বিভিন্ন সমস্যাৰাজি আৰু সাংগঠনিক দিশৰ ওপৰতো বিশদভাৱে আলোচনা কৰা হয় ।,13,10,2,72576
আমি কোনো সংগঠনৰ জন্ম ৰহস্য নাজানোঁ নতুবা আমাৰ প্ৰজন্মৰ কোনো সেই সংগঠনৰ সদস্যও নহয় ।,15,5,2,108
"তেওঁ পুনৰ কয় "" আজিৰে পৰা মই পশ্চিম বংগৰ সৈতে এক অবিচ্ছেদ্য সংযোগ স্থাপন কৰিছো ।",16,7,2,320
আমাৰ আচল চিন্তা সেইখিনিতেই ।,5,1,0,2
অৰ্জুনে কৈছিল যে গোটেই পৰিয়ালটো সন্মত হৈছিল ।,8,5,1,96
হাতিয়াৰ তৈয়াৰ আৰু ব্যৱহাৰ কৰি মানুহে নিজ ইচ্ছা অনুযায়ী স্বেচ্ছাকৃতভাৱে প্ৰকৃতিক ৰূপান্তৰ কৰিছিল ।,14,8,0,2304
আমাৰ নাগৰিকত্ব সংশোধনী আইনৰ ওপৰত প্ৰথমে দিয়া মত সলনি নহয় ।,11,7,3,1080
বহুতে এই অতি বিৰল দৃশ্যটো চাব বিচাৰে ।,8,5,1,1800
চিন্তা আৰু অনুভৱ হৈছে আমাৰ মনত অনবৰতে চলি থকা এটা প্ৰক্ৰিয়া ।,12,6,1,648
দ্বিতীয় বিশ্বযুদ্ধত শত্ৰুৰ হাতৰ পৰা ৰক্ষা পাবলৈকে বাসগৃহৰ তলত নিৰ্মাণ কৰা হৈছিল এটা বাংকাৰ ।,15,7,2,1440
১৫ আগষ্টৰ পুৱা ভাগত লোকজনক সহকৰ্মীসকলে প্ৰত্যক্ষ কৰিছিল যদিও তাৰ পিছৰ পৰা তেওঁ সন্ধানহীন হৈ আছিল ।,17,10,2,9600
চাটনিবোৰ সোৱাদযুক্ত মছলা ; কেতিয়াবা সেইবোৰ ঘৰত বনোৱা হয় আৰু আনবোৰ দোকানৰ পৰা ক্ৰয় কৰা হয় ।,17,9,1,34560
কেতিয়াবা কেতিয়াবা আপোনালোক হৈ পৰে কোনো এক শ্ৰেণীৰ স্তাৱক ।,10,6,1,648
এশ জনতকৈ অধিক মানুহৰ সমাগম বন্ধ কৰাৰ লগতে জিলা প্ৰশাসনৰ অনুমতি হীন সভাবোৰ বাতিল কৰাৰ নিৰ্দেশ দিয়া হৈছে বুলিও কয় জিলা উপায়ুক্ত জনে ।,24,14,3,663552
এই পবিত্ৰ সভাৰ সুযোগ লৈ মুকলিভাবে চলি থকা জুৱা খেলৰ বিৰুদ্ধে প্ৰশাসনে কি পদক্ষেপ গ্ৰহণ কৰে সেয়া হ'ব লক্ষণীয় ।,20,13,2,311040
ইতিমধ্যে আৰক্ষীয়ে এই ঘটনাৰ লগত জড়িত ৬ জন লোকক আটক কৰবলৈ সক্ষম হৈছে ।,14,9,1,11664
ঐতিহাসিক শিৱসাগৰৰ শিৱ মহোৎসৱত ভৰি পৰিছিল দেশী-বিদেশী ভক্তৰে ।,9,5,0,240
সেয়ে এই দিশত সামৰ্থতা থকা ব্যক্তিৰ অতি প্ৰয়োজন ।,9,4,1,144
কিন্তু বৰ্তমান থিয়েটাৰ উদ্যোগটো অতি দুখ লগা অৱস্থাত আছে বুলি মন্তব্য কৰে ।,13,6,2,1440
আমাৰ দেশত মানুহ অলপমান শিকা-বুজ ।,6,3,1,8
ঘটনাত আহত হয় বিশ্ববিদ্যালয়খনৰ কেইবাগৰাকীও ছাত্ৰ ।,7,4,0,144
এই হিংসাত্মক ঘটনাত ৪০ জনৰো অধিক লোক গুৰুতৰ ভাবে আহত হৈছিল ।,12,8,2,2880
"যদিও ভাৰতত কেইবাখনো ৰাজ্য আছে য'ত আপুনি ৰেচম সামগ্ৰীৰ বাবে বজাৰ কৰিব পাৰে , অসমত ৰেচম স্বৰ্গৰ নিজা অংশ আছে ।",21,11,4,653184
আধুনিক সভ্যতাই স্পৰ্শ কৰা অসমীয়া জাতিৰ অতিকৈ মৰমৰ সম্পদ হিচাপে পৰিচিত অসমীয়া গহনাৰ প্ৰতি ভাবুকি আনিছে পশ্চিমীয়া সংস্কৃতিয়ে ।,19,15,1,123171840
কাৰণ অসমলৈ অহা বহু পৰ্যটকে এই অনুষ্ঠান ভ্ৰমণ কৰে ।,10,7,1,864
এই মিলত একাংশ অসাধু কাঠ ব্যৱসায়ীয়ে অতি মূল্যবান চোৰাং কাঠ ফালি জিলা খনৰ বিভিন্ন স্থানলৈ সৰবৰাহ কৰি আহিছিল ।,19,11,4,193536
অৱশ্যে যুৱকজনে কি কাৰণত এনেদৰে হাতত চোকা অস্ত্ৰ লৈ সংসদ ভৱনত প্ৰৱেশৰ চেষ্টা কৰিছিল সেই কথা বৰ্তমানলৈকে জানিব পৰা হোৱা নাই ।,22,13,3,1105920
"অনুষ্ঠানৰ লগত সংগতি ৰাখি তিৱা ভাষাত কবিতা আৰু গল্প পাঠ , তিৱা গীত আৰু নৃত্য পৰিৱেশিত হয় ।",18,7,1,1536
কম বয়সতে কিছুমান গুৰু-গম্ভীৰ দায়িত্ব লৈ আগবঢ়া বহু ব্যক্তি আমি দেখিছোঁ ।,12,6,4,288
চুলি কৰবাত কৰবাত পকিছেও ।,5,3,0,12
এতিয়া সেইখন মুখেৰে কৈছে তেওঁলোকৰ সামাজিক দায়বদ্ধতা আছে ।,9,6,2,216
"অৱশ্যে , মন্ত্ৰী বিজয় শ্বাহে এই অভিযোগ অস্বীকাৰ কৰিছে ।",10,6,1,864
অজুৱে দলৰ হৈ খেলুৱৈ হিচাপেও অৱতীৰ্ণ হ'ব ।,8,4,3,36
উল্লেখ্য যে চলিত বছৰৰ এপ্ৰিলমাহৰ পৰা বিধ্বংসী ৰূপ ধাৰণ কৰিবলৈ আৰম্ভ কৰা বানপানীৰ ফলত ৰাজ্যত প্ৰায় এক কোটি লোক ক্ষতিগ্ৰস্ত হৈছিল ।,22,14,2,3686400
দিল্লীৰ অন্তৰ্ভাগত বন্ধৰ কোনো প্ৰভাৱ নপৰে ।,7,4,1,72
নিশাৰ ভাগত প্ৰতিদিনে সংঘটিত হৈছে দুৰ্ঘটনা ।,7,5,1,300
"সংবাদ মাধ্যমৰ আগত সভাপতি ৰঞ্জিত দাসে কয় , স্মাৰকপত্ৰত এন আৰ চিত লাখ লাখ বিদেশীৰ নাম অন্তৰ্ভুক্ত হৈছে আৰু তাৰ বিপৰীতে লাখ লাখ স্বদেশীৰ নাম বাদ পৰা বুলি উল্লেখ কৰা হয় ।",32,22,7,39813120000
কাৰণ দিল্লীৰ সীমান্তত কৃষকসকলে মাহৰ পিছত মাহ ধৰি আন্দোলন কৰিছে আৰু প্ৰাণ হেৰুৱাইছে ।,14,9,3,10368
ই সবল ছাল তথা বোধশক্তি বৃদ্ধিত সহায় কৰে আৰু দৃষ্টিশক্তিৰ ক্ষীণতা সম্পৰ্কীয় ৰোগত বিপদৰ পৰা ৰক্ষা কৰে ।,18,14,4,13271040
কোনো কাৰণত দুজন যাব নোৱাৰিব দুচকীয়া বাহনত ।,8,7,6,1440
"হুনাৰ হাটে দেশৰ দক্ষ শিল্পী , কাৰিকৰ আৰু শিল্পকাৰসকলক উৎসাহিত কৰি আহিছে ।",13,8,1,3456
প্ৰকৃততে এৰা এক গুৰুত্বপূৰ্ণ পদক্ষেপ ।,6,5,0,192
গধুৰ ধাতু হ'ল তুলনামূলকভাৱে গাঢ় ধাতু ।,7,5,0,144
নদীৰ মৃত্যুৰ লগে লগে সেই সেই নদীৰ অৱবাহিকা তৰাং হৈছে আৰু তাত পাৰত গঢ়ি উঠা মানৱ সভ্যতাও উচ্ছন্ন হৈ গৈছে ।,21,14,4,368640
বুঢ়াজনে পুতেকৰ লগত মোক চিনাকি কৰি দিলে ।,8,5,1,180
মই এই বিলাকৰহে ব্যাখ্যা কৰিছো ।,6,2,0,6
ক্ৰীড়া মন্ত্ৰীগৰাকীয়ে কয় যে তদন্ত সমিতিয়ে অহা চাৰি সপ্তাহৰ ভিতৰত ব্ৰিজ ভূষণৰ বিৰুদ্ধে উত্থাপিত অভিযোগসমূহ পৰীক্ষা কৰিব ।,18,13,1,46080
উল্লেখযোগ্য নৰেন্দ্ৰ গিৰি এজন প্ৰভাৱশালী ধৰ্মীয় গুৰু আছিল ।,9,6,1,192
"যুগ সলনি হ'ল , এটা সময় আছিল যেতিয়া হয়তো কিছুমান বাতৰি আমি সঁচা নে মিছা সেয়া জনাৰ কোনো উপায় নাছিল ।",21,12,5,435456
"তেওঁ কয় যে কেৱল অসমতে নহয় , দেশৰ বিভিন্ন প্ৰান্তত আনকি বিদেশতো কোচ ৰাজবংশী লোকসকলৰ বসতি আছে ।",18,10,2,11664
""" ভাতৃ হিচাপে ভালকৈ জানো সৎ আৰু নিৰ্ভীকভাৱে সাংবাদিকতা কৰি নিজৰ দায়িত্ব পালন কৰিছিল সি ।",16,11,2,414720
আজিৰ বৈঠকতে এই বৰ্ষত মথাউৰিসমূহ বহল কৰাৰ ওপৰত গুৰুত্ব দিয়া হ'ব বুলি আলোচনা কৰি মাথো শেহতীয়াকৈ ওপৰেৰে নদীৰ পানী বৈ যোৱা মথাউৰিৰ অংশসমূহ ওখ কৰা হ'ব বুলি সিদ্ধান্ত গ্ৰহণ কৰে ।,31,19,2,47775744
এই যোজনাখনৰ জৰিয়তে এনেধৰণৰ কৃষকসকলকো সামৰি লোৱাৰ বাবে নিৰ্দেশ দিয়া হয় ।,12,6,1,1620
সময়ে সময়ে বিভিন্ন জনগোষ্ঠীৰ সমাৰোহ আয়োজনেৰে অঞ্চলটো কৃষ্টি সংস্কৃতিৰ সৈতে স্থানীয় জনসাধাৰণৰ লগতে দেশী বিদেশী পৰ্যটক সকলক পৰিচিত কৰাত কলাক্ষেত্ৰই প্ৰশংসনীয় ভূমিকা লবলৈ সক্ষম হৈছে বুলিও কয় ।,28,16,5,4915200
"তেওঁৰ মৃত্যুৰ পিছত , ল'ৰাবোৰ সম্পত্তিৰ দাবীদাৰ হ'ব ।",9,4,0,24
"তদুপৰি শ্ৰীমন্ত শংকৰদেৱ , মাধৱদেৱৰ যি কৃতি সেয়া পৰৱৰ্তী সময়ত শিল্পী সকলে আগবঢ়াই নিছে ।",15,8,2,12960
"ইফালে , ৰঙাপৰাত থকা ভাৰতীয় জীৱন বীমা নিগমৰ কাৰ্যালয়তও পুৱাৰে পৰা ভক্তৰ লানি নিছিগা সোঁত বোৱা পৰিলক্ষিত হৈছে ।",19,14,3,5184000
সেই কাৰণে প্লেটোৱে কৈছে যে সকলো বোৰ অতি-কথাই মিছা ।,10,5,1,192
তেওঁ লগতে কয় যে ৰাজ্যখনৰ মুছলমান সম্প্ৰদায়ত দৰিদ্ৰতা আৰু নিৰক্ষৰতা দূৰ কৰাৰ একমাত্ৰ উপায় হৈছে দুই সন্তান নীতি ।,19,11,1,46080
বহু দল সংগঠনে উচ্চতম ন্যায়ালয়ত দাখিল কৰা আবেদনৰ ভিত্তিত ১৮ ডিচেম্বৰ বুধবাৰে আবেদন বোৰৰ ওপৰত শুনানি আৰম্ভ হ'ব ।,19,8,2,3840
দেউতাৰ শুশ্ৰূষাত লাগি থকা বাবে মাজে মাজে আলোচনা শুনাৰ সৌভাগ্য মোৰ হৈছিল ।,13,8,5,38880
পৰৱৰ্তী কালত বিভাগীয় বিষয়াৰ উদাসীনতা আৰু পামখনৰ অকাল মৃত্যুঘণ্টাত বৃহত্তৰ অঞ্চলটোৰ ৰাইজে এৰী পালন কৰিবলৈ এৰি দিয়ে ।,18,12,2,46080
অৱশ্যে ত্ৰিকোণীয়া প্ৰেমৰ বাবেও এই হত্যাকাণ্ড সংঘটিত হোৱাৰো আশংকা প্ৰকাশ কৰিছে আৰক্ষীয়ে ।,13,7,2,11664
আপোনাৰ জ্যেষ্ঠ আৰু জ্যেষ্ঠসকলৰ প্ৰতি আপোনাৰ সন্মানৰ অনুভূতি থাকিব ।,10,6,3,288
মই এইটো ভুল কৰিলোঁ ।,5,2,2,6
সুৰভি পেছাত ডাক্তৰ আৰু পাৰমিতাই এটা কোম্পানীত চাকৰি কৰি আছে ।,11,8,0,10368
পৃথক কমতাপুৰৰ দাবীত গঢ় লৈ উঠিল আন এক বিদ্ৰোহী সংগঠন ।,11,7,3,1080
এই মাহৰ শেষলৈ আৰু হ্ৰাস পাব আক্ৰান্ত হাৰ ।,9,6,4,1440
কিন্তু এই পুৰণি নোটৰ ক্ষেত্ৰত কেবাটাও চৰ্ত ৰাখিছে ৱেবছাইটবোৰে ।,10,6,2,216
তুলসী গ্ৰহণ কৰক ।,4,1,1,3
অভিনেতাগৰাকীৰ গুণমুগ্ধ একাংশ পৰ্যটকে কাজিৰঙা ৰাষ্ট্ৰীয় উদ্যানৰ অন্তৰ্ভাগতে অভিনেতাগৰাকীক কাষত পাবলৈ হেতা-ওপৰা লগোৱা পৰিলক্ষিত হয় ।,16,10,0,3456
অমংগলীয়া কিবা এটা ঘটিব বুলি আগৰে পৰা চিন্তা কৰি থকাটো ভাল কথা নহয় ।,14,10,6,80640
"প্ৰতিজন খেলুৱৈয়ে দেশৰ ভিন্ন স্থান , ভিন্ন সংস্কৃতিৰ সৈতে জড়িত ।",11,6,1,144
